title,popularity,vote_average,vote_count,genre
The Godfather,114.8,8.7,17855,Drama
The Shawshank Redemption,90.9,8.7,23711,Drama
The Godfather Part II,54.9,8.6,10801,Drama
Schindler's List,55.7,8.6,14026,Drama
Dilwale Dulhania Le Jayenge,23.1,8.6,4120,Comedy
Spirited Away,93.2,8.5,14243,Animation
12 Angry Men,36.7,8.5,7238,Drama
Your Name.,163.3,8.5,9773,Romance
Parasite,66.9,8.5,15671,Comedy
The Dark Knight,85.5,8.5,29631,Drama
The Green Mile,70.7,8.5,15355,Fantasy
Pulp Fiction,67.3,8.5,25100,Thriller
"The Good, the Bad and the Ugly",54.1,8.5,7362,Western
Forrest Gump,58.1,8.5,24582,Comedy
The Lord of the Rings: The Return of the King,68.1,8.5,21536,Adventure
GoodFellas,44.3,8.5,11221,Drama
Seven Samurai,26.7,8.5,3030,Action
Gabriel's Inferno,15.0,8.5,2339,Romance
Cinema Paradiso,20.4,8.5,3733,Drama
Life Is Beautiful,48.2,8.5,11860,Comedy
Grave of the Fireflies,0.6,8.4,4621,Animation
Once Upon a Time in America,35.2,8.4,4644,Drama
Psycho,42.3,8.4,8933,Horror
Gabriel's Inferno: Part II,104.7,8.4,1469,Romance
Fight Club,67.1,8.4,26347,Drama
City of God,28.0,8.4,6442,Drama
One Flew Over the Cuckoo's Nest,28.4,8.4,9346,Drama
Gabriel's Inferno: Part III,60.1,8.4,1015,Romance
Spider-Man: Into the Spider-Verse,100.4,8.4,12679,Action
Howl's Moving Castle,85.2,8.4,8249,Fantasy
Interstellar,127.6,8.4,31288,Adventure
A Silent Voice: The Movie,55.0,8.4,3372,Animation
The Lord of the Rings: The Fellowship of the Ring,79.3,8.4,22625,Adventure
The Empire Strikes Back,37.3,8.4,15305,Adventure
The Pianist,37.3,8.4,8031,Drama
The Lord of the Rings: The Two Towers,63.5,8.4,19669,Adventure
Whiplash,56.1,8.4,13409,Drama
Neon Genesis Evangelion: The End of Evangelion,34.8,8.4,1279,Animation
Se7en,43.8,8.4,18711,Crime
Inception,77.1,8.4,33628,Action
Sunset Boulevard,16.7,8.4,2207,Drama
Rear Window,21.2,8.4,5669,Thriller
American History X,29.8,8.4,10365,Drama
The Silence of the Lambs,9.8,8.3,14474,Crime
The Great Dictator,17.6,8.3,2914,Comedy
Princess Mononoke,39.7,8.3,6937,Adventure
City Lights,13.8,8.3,1856,Comedy
Léon: The Professional,40.3,8.3,13198,Crime
Dead Poets Society,27.4,8.3,9934,Drama
Back to the Future,65.0,8.3,17877,Adventure
Modern Times,16.4,8.3,3261,Comedy
Five Feet Apart,50.2,8.3,5122,Romance
Come and See,25.0,8.3,1134,Drama
Once Upon a Time in the West,22.6,8.3,3753,Drama
Life in a Year,65.4,8.3,1408,Drama
Puss in Boots: The Last Wish,1388.6,8.3,5446,Animation
Top Gun: Maverick,328.8,8.3,6756,Action
Perfect Blue,44.3,8.3,2018,Animation
Apocalypse Now,31.2,8.3,7196,Drama
The Legend of 1900,22.0,8.3,2018,Drama
Justice League Dark: Apokolips War,52.5,8.3,1293,Animation
Paths of Glory,14.3,8.3,2449,Drama
Miracle in Cell No. 7,175.7,8.3,4123,Drama
The Intouchables,46.6,8.3,15677,Drama
Mommy,13.8,8.3,2472,Drama
Oldboy,30.4,8.3,7441,Drama
Avengers: Endgame,113.6,8.3,23085,Adventure
Avengers: Infinity War,225.8,8.3,26804,Adventure
Klaus,23.9,8.3,3375,Animation
The Lion King,116.2,8.3,16491,Family
It's a Wonderful Life,30.4,8.3,3719,Drama
Persona,17.9,8.3,1818,Drama
Demon Slayer -Kimetsu no Yaiba- The Movie: Mugen Train,287.2,8.2,3069,Animation
The Handmaiden,33.9,8.2,3115,Thriller
Wolf Children,23.6,8.2,2014,Animation
I Want to Eat Your Pancreas,40.4,8.2,1241,Animation
Green Book,48.4,8.2,10070,Drama
Hamilton,14.8,8.2,1125,History
Bicycle Thieves,15.1,8.2,2055,Drama
Guillermo del Toro's Pinocchio,222.9,8.2,2238,Animation
Coco,114.5,8.2,17157,Family
Witness for the Prosecution,16.1,8.2,1139,Drama
The Apartment,18.3,8.2,1925,Comedy
The Art of Racing in the Rain,23.3,8.2,1205,Drama
The Shining,37.8,8.2,15670,Horror
A Clockwork Orange,33.8,8.2,11570,Science Fiction
The Seventh Seal,15.2,8.2,2586,Fantasy
Inglourious Basterds,52.8,8.2,20136,Drama
Zack Snyder's Justice League,149.1,8.2,8816,Action
My Hero Academia: Heroes Rising,54.3,8.2,1039,Animation
Saving Private Ryan,60.7,8.2,14161,Drama
Star Wars,108.9,8.2,18575,Adventure
The Kid,13.2,8.2,1797,Comedy
Gladiator,50.2,8.2,16405,Action
Stalker,21.0,8.2,1771,Science Fiction
8½,14.6,8.2,1981,Fantasy
The Prestige,33.9,8.2,14128,Drama
The Matrix,67.8,8.2,23138,Action
The Help,60.0,8.2,7192,Drama
Purple Hearts,54.7,8.2,1944,Romance
Shutter Island,50.4,8.2,21634,Drama
The Usual Suspects,23.6,8.2,9315,Drama
Vertigo,31.6,8.2,5048,Mystery
Hacksaw Ridge,169.1,8.2,12218,Drama
Memento,27.1,8.2,13257,Mystery
Mortal Kombat Legends: Scorpion's Revenge,31.2,8.2,1204,Animation
Portrait of a Lady on Fire,19.8,8.2,2064,Drama
The Hate U Give,22.9,8.2,1926,Crime
Capernaum,37.9,8.2,1452,Drama
Piper,12.3,8.2,1468,Family
Call Me by Your Name,50.4,8.2,11105,Romance
Joker,64.7,8.2,22667,Crime
Casablanca,25.2,8.2,4703,Drama
The Departed,35.6,8.2,13373,Drama
Scarface,78.7,8.2,10302,Action
Taxi Driver,42.1,8.2,10596,Crime
Singin' in the Rain,16.2,8.2,2734,Comedy
Togo,30.5,8.2,1736,Adventure
Django Unchained,46.7,8.2,24002,Drama
Wonder,38.7,8.2,7271,Drama
The Father,42.8,8.2,2579,Drama
Soul,99.4,8.2,9058,Animation
Metropolis,18.3,8.2,2311,Drama
All About Eve,13.4,8.1,1326,Drama
Wild Strawberries,10.8,8.1,1409,Drama
Good Will Hunting,90.1,8.1,10685,Drama
La Dolce Vita,13.4,8.1,1630,Comedy
Double Indemnity,13.1,8.1,1533,Crime
Yojimbo,21.4,8.1,1200,Drama
Full Metal Jacket,38.8,8.1,9360,Drama
Reservoir Dogs,26.8,8.1,12903,Crime
Alien,61.3,8.1,12751,Horror
Dr. Strangelove or: How I Learned to Stop Worrying and Love the Bomb,24.3,8.1,4931,Drama
Rashomon,9.8,8.1,1847,Crime
"Lock, Stock and Two Smoking Barrels",11.3,8.1,5900,Comedy
The Truman Show,51.3,8.1,16166,Comedy
The Invisible Guest,42.3,8.1,4079,Drama
Some Like It Hot,23.8,8.1,3026,Comedy
In the Mood for Love,21.1,8.1,2190,Drama
Bound by Honor,43.5,8.1,1055,Crime
Harry Potter and the Deathly Hallows: Part 2,122.2,8.1,18676,Fantasy
The Tale of The Princess Kaguya,17.4,8.1,1487,Animation
M,12.8,8.1,1823,Drama
Eternal Sunshine of the Spotless Mind,41.7,8.1,13318,Science Fiction
"Paris, Texas",15.1,8.1,1462,Drama
Terminator 2: Judgment Day,60.1,8.1,11281,Action
There Will Be Blood,19.3,8.1,5682,Drama
The Hunt,25.5,8.1,3555,Drama
Incendies,24.3,8.1,2186,Drama
"Three Billboards Outside Ebbing, Missouri",17.4,8.1,9163,Crime
Lion,20.1,8.1,6042,Drama
Pride & Prejudice,44.1,8.1,7109,Drama
2001: A Space Odyssey,38.9,8.1,10182,Science Fiction
Cruella,162.6,8.1,8158,Comedy
Prisoners,34.9,8.1,10269,Drama
Das Boot,17.1,8.1,1892,Drama
WALL·E,65.2,8.1,16957,Animation
La Haine,17.8,8.1,3421,Drama
The 400 Blows,12.3,8.1,1842,Drama
My Neighbor Totoro,59.1,8.1,6811,Fantasy
Elite Squad,34.2,8.1,2033,Drama
Ran,14.4,8.1,1278,Action
Memories of Murder,30.5,8.1,3158,Crime
The Elephant Man,16.8,8.1,3015,Drama
Nobody,83.2,8.1,5813,Action
Jojo Rabbit,49.8,8.1,8385,Comedy
Hidden Figures,95.6,8.1,8613,Drama
The Grand Budapest Hotel,35.4,8.1,13342,Comedy
"Love, Simon",19.0,8.1,5639,Comedy
On My Skin,9.3,8.1,1782,Drama
Gifted,138.1,8.1,4784,Drama
My Name Is Khan,21.9,8.1,1142,Drama
The Whale,205.6,8.0,2194,Drama
Loving Vincent,15.1,8.0,2234,Animation
A Dog's Journey,42.1,8.0,1301,Family
The Lives of Others,15.2,8.0,3199,Drama
The Thing,38.0,8.0,5968,Horror
Amadeus,20.2,8.0,3681,History
Room,19.0,8.0,8481,Drama
The Wolf of Wall Street,130.9,8.0,21508,Crime
Requiem for a Dream,16.6,8.0,8845,Crime
The Gold Rush,13.8,8.0,1359,Adventure
Dial M for Murder,19.5,8.0,2226,Crime
American Beauty,25.9,8.0,10958,Drama
For a Few Dollars More,22.1,8.0,3412,Western
Harry Potter and the Prisoner of Azkaban,126.9,8.0,19455,Adventure
Weathering with You,52.8,8.0,1814,Animation
Citizen Kane,22.9,8.0,4846,Mystery
The Sting,17.9,8.0,2227,Comedy
Casino,27.0,8.0,5019,Crime
Chungking Express,19.4,8.0,1417,Drama
Song of the Sea,11.1,8.0,1233,Family
Barry Lyndon,15.5,8.0,2439,Drama
The Boy and the Beast,26.1,8.0,1320,Action
The Imitation Game,41.2,8.0,15564,History
Ford v Ferrari,46.1,8.0,6599,Drama
To Kill a Mockingbird,18.8,8.0,2271,Drama
Spider-Man: No Way Home,319.5,8.0,17292,Action
Paperman,9.9,8.0,1577,Animation
Hachi: A Dog's Tale,42.1,8.0,6080,Drama
The Deer Hunter,17.9,8.0,3255,Drama
The General,10.9,8.0,1030,Comedy
Bohemian Rhapsody,37.2,8.0,15637,Music
CODA,30.9,8.0,1802,Drama
Gran Torino,21.0,8.0,9716,Drama
The Treasure of the Sierra Madre,13.1,8.0,1006,Adventure
The Secret in Their Eyes,17.4,8.0,2208,Crime
Ron's Gone Wrong,58.1,8.0,1572,Animation
North by Northwest,19.1,8.0,3583,Mystery
Pink Floyd: The Wall,14.8,8.0,1302,Music
1917,30.9,8.0,10977,War
3 Idiots,30.1,8.0,2067,Drama
Wish Dragon,59.3,8.0,1097,Animation
Flipped,25.8,8.0,2572,Romance
Gone with the Wind,29.8,8.0,3565,Drama
Lawrence of Arabia,22.7,8.0,2560,Adventure
Trainspotting,18.8,8.0,8765,Drama
When Marnie Was There,26.0,8.0,1551,Animation
Kill Bill: Vol. 1,37.0,8.0,15745,Action
Finch,80.0,8.0,2883,Science Fiction
Three Men and a Leg,6.1,8.0,1929,Comedy
The Third Man,15.3,8.0,1573,Thriller
Toy Story,121.1,8.0,16653,Animation
Before Sunrise,20.8,8.0,3546,Drama
On the Waterfront,14.7,8.0,1335,Crime
Raging Bull,18.8,8.0,3711,Drama
Catch Me If You Can,50.9,8.0,13850,Drama
Rope,12.4,8.0,2292,Crime
The Mitchells vs. the Machines,29.9,8.0,2382,Animation
Million Dollar Baby,24.6,8.0,8618,Drama
Castle in the Sky,41.7,8.0,3547,Adventure
A Whisker Away,54.7,8.0,1168,Animation
The Cabinet of Dr. Caligari,13.7,8.0,1307,Drama
Three Colors: Red,14.6,8.0,1159,Drama
A Trip to the Moon,17.2,8.0,1512,Adventure
Sing 2,194.8,8.0,3659,Animation
Akira,34.9,8.0,3526,Animation
The Boy Who Harnessed the Wind,30.5,7.9,1452,Drama
12 Years a Slave,18.7,7.9,10332,Drama
Up,86.0,7.9,18361,Animation
The Postman,11.2,7.9,1022,Comedy
The Sixth Sense,29.9,7.9,10410,Mystery
The Great Escape,18.7,7.9,2175,Adventure
"Batman: The Dark Knight Returns, Part 2",25.6,7.9,1282,Science Fiction
No Country for Old Men,34.1,7.9,10610,Crime
Just Mercy,27.0,7.9,1929,Drama
Ghost in the Shell,33.1,7.9,2851,Action
Jurassic Park,24.4,7.9,14673,Adventure
Blade Runner,42.4,7.9,12370,Science Fiction
Dallas Buyers Club,18.2,7.9,7817,Drama
Nausicaä of the Valley of the Wind,28.4,7.9,3036,Adventure
Dragon Ball Super: Super Hero,144.2,7.9,2386,Animation
John Wick: Chapter 4,1479.2,7.9,1331,Action
Whisper of the Heart,32.6,7.9,1653,Animation
Braveheart,32.3,7.9,9072,Action
Chinatown,25.6,7.9,3297,Crime
Inside Out,80.3,7.9,18983,Animation
Freedom Writers,21.3,7.9,1953,Crime
Raya and the Last Dragon,114.5,7.9,6009,Animation
The Iron Giant,42.5,7.9,4919,Family
Raiders of the Lost Ark,46.2,7.9,10925,Adventure
Unforgiven,21.9,7.9,3796,Western
Don't Look Now... We're Being Shot At!,19.1,7.9,1154,Comedy
Persepolis,12.4,7.9,1697,Animation
Aliens,48.0,7.9,8419,Action
Mulan,91.9,7.9,8664,Animation
Captain Fantastic,24.2,7.9,5871,Adventure
The Greatest Showman,30.8,7.9,8632,Drama
Young Frankenstein,23.7,7.9,2777,Comedy
Me Before You,108.5,7.9,11097,Drama
Harry Potter and the Philosopher's Stone,165.2,7.9,24698,Adventure
Justice League: The Flashpoint Paradox,54.2,7.9,1605,Science Fiction
Rebecca,12.5,7.9,1492,Mystery
About Time,37.1,7.9,7534,Drama
In the Name of the Father,11.3,7.9,1509,Drama
Little Women,29.9,7.9,5450,Drama
A Man Called Otto,231.0,7.9,1123,Comedy
Guardians of the Galaxy,293.6,7.9,25853,Action
Amélie,21.7,7.9,10463,Comedy
The Pursuit of Happyness,32.6,7.9,8903,Drama
Heat,63.0,7.9,6224,Action
V for Vendetta,30.7,7.9,13193,Action
A Separation,11.1,7.9,1499,Drama
Luck,238.8,7.9,1249,Animation
Gone Girl,41.4,7.9,16908,Mystery
Titanic,111.2,7.9,22834,Drama
La La Land,32.0,7.9,15209,Comedy
Tokyo Godfathers,14.2,7.9,1008,Animation
Return of the Jedi,39.0,7.9,14167,Adventure
Roman Holiday,22.5,7.9,1738,Romance
Sing Street,14.6,7.9,2063,Comedy
Luca,119.3,7.9,7262,Animation
It Happened One Night,10.3,7.9,1027,Comedy
Dancer in the Dark,15.2,7.9,1554,Drama
The Notebook,53.3,7.9,10304,Romance
Dragon Ball Super: Broly,22.9,7.9,2620,Action
Kill Bill: Vol. 2,27.2,7.9,12577,Action
A Street Cat Named Bob,14.1,7.9,1209,Family
The Night of the Hunter,14.9,7.9,1305,Crime
Sherlock: The Abominable Bride,18.3,7.9,2113,Crime
Fargo,18.0,7.9,7020,Crime
See You Up There,11.3,7.9,1144,Drama
Perfect Strangers,16.8,7.9,4068,Comedy
Shoplifters,15.7,7.9,1755,Drama
The Theory of Everything,26.5,7.9,9878,Drama
Isle of Dogs,19.4,7.9,4252,Adventure
Her,34.7,7.9,13069,Romance
Stand by Me,23.4,7.9,5067,Crime
Ben-Hur,44.6,7.9,2343,Action
A Fistful of Dollars,21.6,7.9,3637,Western
Wild Tales,24.8,7.9,2939,Drama
Solaris,15.3,7.9,1354,Drama
Mary and Max,11.2,7.9,1694,Animation
A Beautiful Mind,29.2,7.9,9212,Drama
Dances with Wolves,27.1,7.9,3689,Adventure
Knives Out,44.5,7.9,10664,Comedy
Network,10.7,7.9,1447,Drama
Everything Everywhere All at Once,92.5,7.8,4570,Action
Papillon,20.3,7.8,1652,Crime
Kiki's Delivery Service,38.2,7.8,3377,Animation
The Boy in the Striped Pyjamas,70.3,7.8,6349,War
The Big Lebowski,28.7,7.8,10072,Comedy
The Fabelmans,46.9,7.8,1319,Drama
Downfall,27.7,7.8,3331,Drama
The Nightmare Before Christmas,89.7,7.8,8235,Fantasy
Indiana Jones and the Last Crusade,44.1,7.8,8839,Adventure
"Love, Rosie",33.1,7.8,5784,Comedy
The Best Offer,14.2,7.8,2586,Drama
Warrior,48.4,7.8,4028,Drama
Mulholland Drive,26.9,7.8,5418,Thriller
Polisse,7.9,7.8,1065,Drama
Mr. Nobody,21.2,7.8,5408,Science Fiction
Dog Day Afternoon,16.5,7.8,2549,Crime
A Bronx Tale,94.0,7.8,1995,Drama
"Monsters, Inc.",129.9,7.8,16724,Animation
Carlito's Way,18.7,7.8,2754,Crime
Elite Squad: The Enemy Within,23.9,7.8,1622,Drama
Coraline,143.0,7.8,6564,Animation
Finding Nemo,84.0,7.8,17620,Animation
The Bridge on the River Kwai,18.5,7.8,1763,Drama
Land of Mine,13.0,7.8,1253,War
Infernal Affairs,16.5,7.8,1368,Drama
Rosemary's Baby,20.4,7.8,3405,Drama
Freaks,16.6,7.8,1018,Drama
Before Sunset,16.2,7.8,2943,Drama
Harry Potter and the Goblet of Fire,123.5,7.8,18746,Adventure
Into the Wild,31.6,7.8,8815,Adventure
Logan,52.1,7.8,17717,Action
Hustle,60.2,7.8,2041,Drama
Spotlight,16.2,7.8,7590,Drama
How to Train Your Dragon,76.9,7.8,11757,Fantasy
Midnight Sun,27.6,7.8,3154,Romance
Snatch,26.4,7.8,8001,Crime
Monty Python and the Holy Grail,21.3,7.8,5087,Adventure
Brokeback Mountain,23.5,7.8,6236,Drama
My Life as a Zucchini,12.1,7.8,1167,Animation
Dune,155.2,7.8,8788,Science Fiction
I Saw the Devil,18.1,7.8,2134,Thriller
Ratatouille,115.3,7.8,15216,Animation
The King of Comedy,13.9,7.8,1911,Drama
Prey,325.5,7.8,5444,Thriller
Paprika,18.5,7.8,1907,Animation
Wings of Desire,16.9,7.8,1086,Drama
Toy Story 3,75.3,7.8,13412,Animation
The Chaser,10.3,7.8,1105,Crime
Rocky,60.1,7.8,6825,Drama
Porco Rosso,24.3,7.8,2796,Family
Dogville,16.5,7.8,2107,Crime
L.A. Confidential,17.3,7.8,4293,Crime
Pirates of the Caribbean: The Curse of the Black Pearl,113.4,7.8,18707,Adventure
Donnie Darko,29.0,7.8,11183,Fantasy
The Wind Rises,35.1,7.8,2509,Drama
The Girl Who Leapt Through Time,27.1,7.8,1766,Fantasy
The Dinner Game,10.8,7.8,1671,Comedy
The Perks of Being a Wallflower,29.7,7.8,9603,Drama
Deep Red,10.6,7.8,1253,Horror
Notorious,11.6,7.8,1352,Thriller
Mustang,8.9,7.8,1262,Drama
Straight Outta Compton,29.4,7.8,3473,Drama
Fantastic Mr. Fox,29.5,7.8,4541,Adventure
The Dark Knight Rises,66.0,7.8,20771,Action
Touch of Evil,10.4,7.8,1231,Crime
Short Term 12,8.9,7.8,1148,Drama
All Quiet on the Western Front,225.7,7.8,2628,Drama
Batman: Under the Red Hood,27.3,7.8,1409,Science Fiction
Manhattan,11.5,7.8,2078,Comedy
Harry Potter and the Deathly Hallows: Part 1,123.8,7.8,17307,Adventure
Annie Hall,14.9,7.8,3446,Comedy
The Untouchables,20.0,7.8,5016,Crime
Descendants 3,42.6,7.8,1335,Family
How to Train Your Dragon: The Hidden World,108.1,7.8,5634,Animation
The Color Purple,14.1,7.8,1467,Drama
Die Hard,42.7,7.8,9885,Action
Nothing Left to Do but Cry,8.6,7.8,1023,Comedy
Scent of a Woman,30.9,7.8,2876,Drama
Big Fish,21.2,7.8,6561,Adventure
Rain Man,21.6,7.8,5603,Drama
The Woman King,269.6,7.8,1442,Action
Train to Busan,62.3,7.8,6367,Horror
The Breakfast Club,25.1,7.8,7261,Comedy
Do the Right Thing,15.7,7.8,1480,Drama
Marriage Story,26.0,7.8,6290,Drama
Amour,11.6,7.8,1426,Drama
The Black Phone,143.5,7.8,3825,Horror
Awakenings,15.3,7.8,2161,Drama
The Last: Naruto the Movie,78.3,7.8,1657,Action
Misery,18.6,7.8,4016,Drama
The Maltese Falcon,14.0,7.8,1417,Mystery
Life of Brian,18.4,7.8,3839,Comedy
Three Steps Above Heaven,109.9,7.8,2711,Romance
The Searchers,32.1,7.8,1171,Western
Pan's Labyrinth,38.6,7.8,9616,Fantasy
Back to the Future Part II,40.3,7.8,11463,Adventure
Two Is a Family,17.6,7.8,2803,Drama
"I, Daniel Blake",11.8,7.7,1220,Drama
The Ten Commandments,41.0,7.7,1309,Drama
Zootopia,75.5,7.7,14851,Animation
Mystic River,23.6,7.7,5784,Thriller
King Richard,30.5,7.7,1939,Drama
Ip Man,18.0,7.7,3305,Drama
Cool Hand Luke,21.1,7.7,1194,Crime
Platoon,29.0,7.7,3924,Drama
The Hateful Eight,23.9,7.7,12939,Drama
A Walk to Remember,33.3,7.7,3703,Drama
The Blues Brothers,17.0,7.7,3697,Music
Sound of Metal,15.2,7.7,2134,Drama
Onward,39.5,7.7,5490,Family
Pride,9.8,7.7,1180,Drama
"Batman: The Dark Knight Returns, Part 1",26.0,7.7,1385,Science Fiction
Big Hero 6,108.5,7.7,14405,Adventure
The King's Speech,21.8,7.7,7934,Drama
The Trial of the Chicago 7,17.0,7.7,2654,Drama
Ponyo,54.5,7.7,3595,Animation
Slumdog Millionaire,23.0,7.7,9660,Drama
Beauty and the Beast,72.4,7.7,8997,Romance
The Straight Story,13.0,7.7,1285,Drama
BPM (Beats per Minute),7.1,7.7,1241,Drama
Selena,21.4,7.7,1091,Drama
Mother,12.7,7.7,1232,Crime
Magnolia,17.2,7.7,3106,Drama
Philadelphia,22.6,7.7,3778,Drama
The Kissing Booth 2,35.5,7.7,4720,Comedy
"tick, tick... BOOM!",19.7,7.7,1732,Drama
Harry Potter and the Chamber of Secrets,130.8,7.7,19831,Adventure
Shrek,177.1,7.7,15252,Animation
Nosferatu,17.5,7.7,1678,Fantasy
The Traitor,12.2,7.7,1205,Drama
The Exorcist,83.6,7.7,6957,Horror
Geri's Game,9.3,7.7,1020,Animation
Edward Scissorhands,34.3,7.7,11746,Fantasy
The Batman,239.5,7.7,7893,Crime
The Chorus,12.6,7.7,2146,Drama
Hotel Rwanda,13.1,7.7,2510,Drama
Rush,27.6,7.7,6397,Drama
Avatar: The Way of Water,2857.9,7.7,7831,Science Fiction
The Avengers,144.0,7.7,28541,Science Fiction
The Sound of Music,24.5,7.7,2875,Drama
Strangers on a Train,21.8,7.7,1400,Crime
High Noon,16.7,7.7,1219,Western
Nightcrawler,42.9,7.7,9760,Crime
The Incredibles,67.9,7.7,16186,Action
All the Bright Places,30.7,7.7,2621,Romance
Harry Potter and the Half-Blood Prince,138.5,7.7,17619,Adventure
Batman Begins,52.5,7.7,18989,Action
Spirit: Stallion of the Cimarron,71.4,7.7,4134,Western
Charade,14.8,7.7,1168,Comedy
Three Colors: Blue,15.8,7.7,1420,Drama
The Bridges of Madison County,15.3,7.7,1851,Drama
Moonrise Kingdom,14.7,7.7,5290,Comedy
Fried Green Tomatoes,15.4,7.7,1155,Drama
Harry Potter and the Order of the Phoenix,123.5,7.7,17692,Adventure
Godzilla vs. Kong,166.0,7.7,8755,Action
Breakfast at Tiffany's,18.3,7.7,3790,Comedy
Hunt for the Wilderpeople,15.1,7.7,1786,Adventure
The Gentlemen,39.4,7.7,4840,Comedy
The Killing,14.6,7.7,1269,Crime
Brazil,15.7,7.7,2915,Comedy
The Blind Side,46.3,7.7,5627,Drama
All the President's Men,14.7,7.7,1549,Drama
The Man from Nowhere,19.2,7.7,1114,Action
Mississippi Burning,11.7,7.7,1406,Drama
What's Eating Gilbert Grape,19.6,7.7,3490,Romance
Memoirs of a Geisha,20.3,7.7,2679,Drama
Captain America: The Winter Soldier,38.2,7.7,17259,Action
The Martian,44.2,7.7,18098,Drama
Little Miss Sunshine,15.5,7.7,6287,Comedy
Another Round,25.2,7.7,2575,Comedy
The Warriors,21.4,7.7,1838,Action
Wrath of Man,98.1,7.7,4365,Action
How to Train Your Dragon 2,69.2,7.7,8702,Fantasy
Il Divo,7.7,7.7,1016,Drama
A Streetcar Named Desire,14.3,7.7,1183,Drama
Roma,14.1,7.7,3612,Drama
The Bad Guys,97.6,7.7,1498,Animation
Black Swan,24.9,7.7,13217,Drama
Spies in Disguise,33.6,7.7,2479,Animation
Ask Me If I Am Happy,5.0,7.7,1550,Comedy
Victoria,12.8,7.7,1068,Crime
All About My Mother,10.1,7.7,1626,Comedy
The Princess Bride,21.0,7.7,4028,Adventure
Cast Away,33.4,7.7,10229,Adventure
To All the Boys I've Loved Before,37.9,7.7,7922,Comedy
The Graduate,16.4,7.7,2910,Comedy
Atonement,17.9,7.7,3696,Drama
The Count of Monte Cristo,29.6,7.7,1538,Adventure
Jaws,45.3,7.7,9138,Horror
Primal Fear,26.5,7.6,2893,Crime
Planet of the Apes,44.0,7.6,2937,Science Fiction
The Wild Bunch,15.6,7.6,1008,Western
Feel the Beat,16.1,7.6,1022,Comedy
Aladdin,55.6,7.6,10277,Animation
Kubo and the Two Strings,32.2,7.6,3279,Animation
Encanto,205.9,7.6,8169,Animation
Boogie Nights,17.1,7.6,2736,Drama
"Synecdoche, New York",15.1,7.6,1211,Drama
The Terminator,57.1,7.6,11439,Action
Kingsman: The Secret Service,80.8,7.6,15296,Crime
The Raid 2,23.7,7.6,2062,Action
Blue Velvet,16.6,7.6,2850,Drama
The Secret World of Arrietty,30.4,7.6,2447,Fantasy
October Sky,11.7,7.6,1060,Drama
Who Am I,19.1,7.6,1345,Thriller
Iron Man,92.6,7.6,24286,Action
The Last Emperor,15.0,7.6,1421,Drama
Elvis,69.6,7.6,2558,Drama
To All the Boys: Always and Forever,27.7,7.6,1701,Romance
King Kong,21.8,7.6,1254,Adventure
The Man from Earth,16.5,7.6,2049,Science Fiction
Night of the Living Dead,23.5,7.6,2093,Horror
Remember the Titans,26.6,7.6,2324,Drama
The Hand of God,17.2,7.6,1420,Drama
The Irishman,25.9,7.6,5998,Crime
Guardians of the Galaxy Vol. 2,569.0,7.6,19589,Adventure
Ferris Bueller's Day Off,20.7,7.6,4304,Comedy
Amores Perros,28.6,7.6,2243,Drama
I Still Believe,21.9,7.6,1063,Music
JFK,15.1,7.6,1778,Drama
Work It,16.7,7.6,1065,Comedy
Shang-Chi and the Legend of the Ten Rings,146.5,7.6,8010,Action
Get Out,81.5,7.6,15599,Mystery
Les Misérables,11.0,7.6,1312,Crime
Seven Pounds,19.8,7.6,6205,Drama
Butch Cassidy and the Sundance Kid,19.6,7.6,1888,Western
The Others,26.8,7.6,5680,Horror
Where the Crawdads Sing,41.1,7.6,1061,Mystery
Searching,21.5,7.6,3442,Thriller
The Little Prince,26.6,7.6,2537,Adventure
Anastasia,39.9,7.6,4844,Animation
Ready Player One,81.8,7.6,13993,Science Fiction
The Dirty Dozen,20.5,7.6,1028,Action
A Dog's Purpose,35.3,7.6,2994,Adventure
Lost Highway,18.0,7.6,2230,Drama
The Danish Girl,19.3,7.6,5409,Drama
Forever My Girl,29.3,7.6,1086,Romance
Deadpool,108.6,7.6,28309,Action
Children of Men,20.6,7.6,6292,Drama
Tombstone,50.7,7.6,1779,Western
Changeling,17.3,7.6,3763,Crime
Sleepers,23.4,7.6,3104,Crime
Groundhog Day,26.3,7.6,6961,Romance
The Fault in Our Stars,33.4,7.6,10466,Romance
Edge of Tomorrow,39.5,7.6,12459,Action
Thor: Ragnarok,84.5,7.6,19042,Action
Boyz n the Hood,27.9,7.6,1675,Crime
Enola Holmes 2,113.4,7.6,1971,Adventure
I Origins,14.4,7.6,2942,Science Fiction
The Longest Ride,22.7,7.6,2902,Drama
Twelve Monkeys,30.2,7.6,7443,Science Fiction
The Garden of Words,30.1,7.6,1750,Animation
Breathless,13.0,7.6,1562,Drama
Talk to Her,12.4,7.6,1114,Drama
Sonic the Hedgehog 2,305.7,7.6,3891,Action
Billy Elliot,17.3,7.6,3471,Drama
A Prophet,11.6,7.6,1328,Crime
Tangled,128.1,7.6,10204,Animation
The Fall,13.8,7.6,1102,Adventure
Bao,10.5,7.6,1040,Animation
Boruto: Naruto the Movie,64.9,7.6,1277,Animation
Beasts of No Nation,44.2,7.6,1555,Drama
Toy Story 2,89.8,7.6,12533,Animation
Moulin Rouge!,16.9,7.6,4109,Drama
The Wizard of Oz,45.0,7.6,4925,Adventure
The Suicide Squad,118.1,7.6,7255,Action
Arrival,42.0,7.6,16116,Drama
Detachment,24.4,7.6,1309,Drama
The Curious Case of Benjamin Button,31.7,7.6,11544,Drama
American Gangster,32.2,7.6,4768,Drama
Dogman,10.1,7.6,2013,Crime
Mad Max: Fury Road,57.6,7.6,20487,Action
What We Do in the Shadows,14.6,7.6,3124,Comedy
The Hobbit: The Desolation of Smaug,56.2,7.6,11952,Fantasy
Moon,24.4,7.6,5080,Science Fiction
Rebel Without a Cause,19.3,7.6,1394,Drama
Free Guy,100.2,7.6,7144,Comedy
They Call Me Trinity,12.8,7.6,1146,Action
10 Things I Hate About You,36.2,7.6,7127,Comedy
Ex Machina,43.4,7.6,12067,Drama
Avatar,219.0,7.6,29034,Action
Thelma & Louise,19.8,7.6,2916,Drama
Mary Poppins,28.2,7.6,4221,Comedy
Drive,42.9,7.6,11319,Drama
Halloween,40.8,7.6,4791,Horror
Fatherhood,24.0,7.6,1168,Drama
We Need to Talk About Kevin,15.8,7.6,2481,Drama
The Last Samurai,28.3,7.6,6096,Drama
"Good Bye, Lenin!",14.7,7.6,2136,Comedy
The Wolf's Call,20.1,7.6,1744,Thriller
The Call of the Wild,37.0,7.6,3238,Adventure
Kramer vs. Kramer,13.0,7.6,1942,Drama
I Am Sam,19.3,7.6,2034,Drama
Moana,21.1,7.6,11180,Adventure
The Man Who Wasn't There,10.3,7.6,1360,Crime
The Game,28.4,7.6,5726,Drama
Badlands,11.4,7.6,1011,Crime
Hotel Mumbai,12.8,7.6,1334,Thriller
Beautiful Boy,18.2,7.6,2131,Drama
Coach Carter,48.7,7.6,2486,Drama
Lady Vengeance,15.2,7.6,1396,Drama
Evil Dead II,80.6,7.6,2631,Horror
Captain Phillips,17.2,7.6,6237,Action
"Girl, Interrupted",21.1,7.6,3324,Drama
The Body,12.5,7.6,1108,Thriller
Me and Earl and the Dying Girl,9.8,7.6,2353,Drama
Instant Family,24.9,7.6,2569,Comedy
The Diving Bell and the Butterfly,13.0,7.6,1029,Drama
The Butterfly Effect,38.1,7.6,6662,Science Fiction
Gattaca,22.9,7.6,5584,Thriller
Spartacus,50.5,7.5,1856,History
The Emperor's New Groove,69.3,7.5,5905,Adventure
The Tomorrow War,115.5,7.5,2499,Action
Apocalypto,70.3,7.5,4850,Action
Serpico,17.1,7.5,1645,Crime
Hot Fuzz,20.8,7.5,6706,Crime
Dark Waters,21.5,7.5,1780,Drama
Gandhi,13.8,7.5,2039,Drama
My Fair Lady,14.5,7.5,1117,Romance
The Favourite,22.2,7.5,4721,Drama
The French Connection,15.2,7.5,1530,Action
The Conjuring,99.5,7.5,10339,Horror
Midnight in Paris,14.7,7.5,6664,Fantasy
The Conversation,11.2,7.5,1432,Crime
True Romance,23.2,7.5,2350,Action
Violent Night,245.0,7.5,1399,Action
Escape from Alcatraz,20.7,7.5,2433,Drama
From Up on Poppy Hill,19.7,7.5,1474,Animation
The Magnificent Seven,32.9,7.5,1527,Western
Shaun of the Dead,33.5,7.5,7485,Horror
The Book of Henry,19.1,7.5,1196,Drama
Donnie Brasco,17.2,7.5,3887,Crime
Cinderella Man,17.8,7.5,1921,Romance
Manchester by the Sea,23.6,7.5,5237,Drama
Casino Royale,39.6,7.5,9694,Adventure
Blade Runner 2049,71.2,7.5,11802,Science Fiction
Toy Story 4,90.5,7.5,8798,Family
The Conjuring: The Devil Made Me Do It,112.2,7.5,5080,Horror
The SpongeBob Movie: Sponge on the Run,78.1,7.5,2643,Family
Treasure Planet,37.3,7.5,3678,Adventure
The Flu,28.8,7.5,1055,Action
The Great Beauty,14.6,7.5,2826,Drama
The Wrestler,10.6,7.5,3219,Drama
A Quiet Place Part II,123.5,7.5,5323,Science Fiction
The Book of Life,42.1,7.5,2363,Animation
The Skin I Live In,24.0,7.5,3759,Drama
Blood Diamond,27.0,7.5,6798,Drama
BlacKkKlansman,13.5,7.5,6863,Comedy
Sabrina,13.2,7.5,1084,Comedy
Abominable,28.1,7.5,1806,Family
The Lighthouse,22.0,7.5,4104,Drama
The Machinist,15.5,7.5,4887,Thriller
The Fifth Element,59.8,7.5,9654,Adventure
Midnight Express,14.8,7.5,1470,Drama
The Croods: A New Age,113.1,7.5,3339,Animation
The Revenant,37.8,7.5,16747,Western
X-Men: Days of Future Past,42.0,7.5,14114,Action
The Girl with the Dragon Tattoo,18.9,7.5,2641,Drama
Let the Right One In,11.3,7.5,2590,Horror
Malcolm X,18.6,7.5,1418,Drama
The Birds,23.8,7.5,3528,Horror
The Two Popes,10.9,7.5,2590,Drama
Zodiac,37.0,7.5,9234,Crime
The Dirt,16.5,7.5,1064,Drama
A Few Good Men,24.7,7.5,3049,Drama
I Killed My Mother,9.7,7.5,1021,Drama
Fury,94.7,7.5,10720,War
The Goonies,34.8,7.5,5080,Adventure
Empire of the Sun,15.2,7.5,1664,Drama
Corpse Bride,73.8,7.5,7950,Romance
Who Framed Roger Rabbit,24.0,7.5,5039,Fantasy
The Banshees of Inisherin,61.4,7.5,1724,Drama
"I, Tonya",16.3,7.5,5225,Drama
Frankenstein,16.8,7.5,1323,Drama
Boyhood,17.4,7.5,4704,Drama
Suspiria,21.2,7.5,2547,Horror
The Sea Beast,105.9,7.5,1137,Animation
Ghostbusters: Afterlife,89.5,7.5,3605,Fantasy
Before Midnight,12.8,7.5,2052,Romance
Fear City: A Family-Style Comedy,7.5,7.5,1096,Comedy
Lilo & Stitch,56.9,7.5,5470,Animation
Hero,16.8,7.5,1950,Drama
Babylon,145.9,7.5,1689,Drama
A Star Is Born,25.3,7.5,10827,Music
Hercules,69.0,7.5,6613,Animation
Midnight Cowboy,13.9,7.5,1135,Drama
E.T. the Extra-Terrestrial,31.1,7.5,10178,Science Fiction
Ed Wood,11.8,7.5,2036,Comedy
Un Chien Andalou,11.0,7.5,1111,Fantasy
I Lost My Body,8.9,7.5,1117,Animation
The Red Turtle,13.1,7.5,1115,Animation
The Man Who Knew Too Much,11.2,7.5,1181,Mystery
This Is England,4.5,7.5,1086,Drama
The Wave,15.7,7.5,2982,Drama
Upgrade,32.3,7.5,3760,Action
The Crow,28.2,7.5,3425,Fantasy
Still Alice,12.8,7.5,2804,Drama
Barbie as The Princess & the Pauper,48.7,7.5,1311,Animation
The Unforgivable,20.9,7.5,1578,Drama
Bullet Train,166.4,7.5,4122,Action
The Shack,72.6,7.5,1901,Drama
The Rocky Horror Picture Show,15.8,7.5,2480,Comedy
The Super Mario Bros. Movie,5390.9,7.5,1840,Animation
The Royal Tenenbaums,16.5,7.5,4027,Comedy
Bonnie and Clyde,19.4,7.5,1380,Crime
Promising Young Woman,18.5,7.5,2583,Thriller
Deadpool 2,98.6,7.5,15859,Action
Walk the Line,17.7,7.5,2546,Drama
Almost Famous,15.7,7.5,2364,Drama
Predator,61.0,7.5,6957,Science Fiction
For the Birds,7.6,7.5,1073,Animation
Dawn of the Dead,28.0,7.5,1792,Horror
Carol,15.2,7.5,3332,Romance
Fearless,17.5,7.5,1101,Drama
The Last Duel,42.7,7.5,2759,Action
Rogue One: A Star Wars Story,37.3,7.5,14008,Action
Cold War,11.6,7.5,1330,Drama
Incredibles 2,69.3,7.5,11745,Action
Glory,19.3,7.5,1357,Drama
mid90s,15.3,7.5,1351,Drama
Kung Fury,11.5,7.5,1675,Action
After Hours,10.9,7.5,1192,Comedy
Dirty Harry,19.7,7.5,2096,Action
The Book Thief,16.5,7.5,4030,Drama
My Cousin Vinny,12.1,7.5,1291,Comedy
Sympathy for Mr. Vengeance,12.3,7.5,1205,Action
Miller's Crossing,12.0,7.5,1412,Drama
That's Life,5.3,7.5,1231,Comedy
Willy Wonka & the Chocolate Factory,38.2,7.5,2971,Family
Volver,13.0,7.5,1493,Comedy
A Perfect World,14.3,7.5,1412,Crime
Eyes Wide Shut,35.5,7.5,5271,Drama
Lucky Number Slevin,20.1,7.5,3623,Drama
In Bruges,18.4,7.5,4485,Comedy
The Insider,14.2,7.5,1572,Drama
Training Day,26.0,7.5,5147,Action
The Name of the Rose,15.3,7.5,2625,Drama
Birdman or (The Unexpected Virtue of Ignorance),23.2,7.5,11902,Drama
First Blood,30.6,7.5,5437,Action
Turning Red,208.4,7.5,4149,Animation
This Is Spinal Tap,11.2,7.5,1212,Music
Barton Fink,12.0,7.5,1444,Comedy
The Guernsey Literary & Potato Peel Pie Society,11.3,7.5,1205,Romance
The Best of Me,17.7,7.5,2380,Drama
Paddington 2,23.4,7.5,1985,Adventure
The Big Blue,16.7,7.5,1260,Adventure
Star Trek II: The Wrath of Khan,13.8,7.5,1667,Action
The Age of Adaline,51.6,7.5,5907,Romance
Back to the Future Part III,26.0,7.5,9377,Adventure
Mirage,18.1,7.5,1590,Thriller
Scott Pilgrim vs. the World,34.6,7.5,6936,Action
Ghostbusters,25.0,7.5,7911,Comedy
The Boss Baby: Family Business,114.7,7.5,2189,Animation
Sense and Sensibility,18.9,7.5,1462,Drama
The Passion of the Christ,52.2,7.5,3882,Drama
La Vie en Rose,13.1,7.5,1433,Music
Spider-Man: Far From Home,74.1,7.5,13966,Action
Dunkirk,27.7,7.5,15008,War
Letters from Iwo Jima,16.3,7.5,1778,Action
The Fugitive,21.0,7.5,3674,Action
Baby Driver,36.2,7.5,14260,Action
Miss Sloane,14.6,7.5,1573,Thriller
The Thin Red Line,17.7,7.5,2607,Drama
The Bourne Identity,25.9,7.5,8342,Action
Cell 211,22.6,7.5,1101,Action
The Devil's Advocate,48.4,7.5,5218,Drama
Boys Don't Cry,15.8,7.5,1156,Crime
John Wick: Chapter 3 - Parabellum,293.7,7.4,9161,Action
Jungle Cruise,81.4,7.4,4958,Action
The Farewell,11.1,7.4,1216,Comedy
Nocturnal Animals,22.6,7.4,7003,Drama
Bram Stoker's Dracula,41.5,7.4,4463,Romance
They Call Me Jeeg,15.1,7.4,2360,Crime
Miracles from Heaven,51.4,7.4,1072,Family
Ray,29.2,7.4,1696,Drama
The Artist,11.4,7.4,2947,Drama
Men of Honor,26.3,7.4,1977,Drama
PAW Patrol: The Movie,90.4,7.4,1105,Animation
Minions: The Rise of Gru,217.5,7.4,2806,Animation
Richard Jewell,17.1,7.4,2175,Drama
The Stronghold,24.1,7.4,1032,Thriller
Unbroken,25.2,7.4,3788,Drama
Man on Fire,34.0,7.4,4498,Action
Ip Man 2,4.4,7.4,1972,Action
Apollo 13,18.4,7.4,4868,History
Nebraska,10.2,7.4,1560,Drama
The Reader,22.7,7.4,2683,Drama
Captain America: Civil War,72.4,7.4,21059,Adventure
I Can Quit Whenever I Want,7.3,7.4,1699,Comedy
Predestination,31.9,7.4,5701,Science Fiction
Sin City,23.9,7.4,7322,Thriller
Once Upon a Time… in Hollywood,39.7,7.4,11767,Comedy
American Sniper,85.6,7.4,11816,War
The Last King of Scotland,15.1,7.4,1829,Drama
Star Trek,40.3,7.4,9110,Science Fiction
Frida,19.6,7.4,1854,Drama
No Time to Die,79.2,7.4,5196,Adventure
Lone Survivor,30.6,7.4,3794,War
Pain and Glory,11.8,7.4,1606,Drama
Wind River,24.7,7.4,4580,Crime
The Motorcycle Diaries,12.8,7.4,1134,Drama
Malena,43.9,7.4,1911,Drama
The Hurricane,13.7,7.4,1220,Drama
Clerks,12.9,7.4,2182,Comedy
Doctor Strange,76.7,7.4,20421,Action
Rushmore,12.0,7.4,2151,Comedy
Chemical Hearts,19.2,7.4,1029,Drama
The Raid,26.3,7.4,2963,Action
The Godfather Part III,41.9,7.4,5424,Crime
Pretty Woman,34.3,7.4,7018,Comedy
Through My Window,77.5,7.4,2607,Drama
Ocean's Eleven,32.4,7.4,10449,Thriller
The Hunger Games: Catching Fire,85.1,7.4,15790,Adventure
The Life of David Gale,13.6,7.4,1786,Drama
Y Tu Mamá También,17.0,7.4,1291,Drama
Duel,16.8,7.4,1591,Action
Erin Brockovich,21.0,7.4,2736,Drama
Enter the Dragon,21.5,7.4,1580,Action
Eraserhead,16.2,7.4,2107,Fantasy
Last Night in Soho,34.7,7.4,2462,Horror
Greyhound,27.6,7.4,2432,War
The Florida Project,14.5,7.4,2424,Drama
The Bourne Ultimatum,23.7,7.4,6909,Action
Contact,25.4,7.4,3880,Drama
District 9,35.0,7.4,8474,Science Fiction
Being John Malkovich,17.0,7.4,3806,Comedy
Selma,10.2,7.4,2040,History
One Day,31.0,7.4,3802,Drama
Blow-Up,10.6,7.4,1064,Drama
DC League of Super-Pets,141.8,7.4,1214,Animation
The Lego Movie,37.4,7.4,7012,Animation
Creed,131.9,7.4,6685,Drama
Cherry,34.0,7.4,1089,Drama
The Peanut Butter Falcon,13.8,7.4,1153,Adventure
Submarine,8.9,7.4,1283,Drama
When Harry Met Sally...,24.9,7.4,3518,Comedy
John Wick,170.6,7.4,17277,Action
Home Alone,2.2,7.4,9845,Comedy
Hocus Pocus 2,128.1,7.4,1375,Fantasy
Frances Ha,12.0,7.4,1342,Comedy
Kung Fu Hustle,26.3,7.4,2398,Action
Star Wars: Episode III - Revenge of the Sith,44.0,7.4,12377,Adventure
Braindead,25.0,7.4,1394,Horror
Grease,36.2,7.4,6572,Romance
"Crouching Tiger, Hidden Dragon",19.5,7.4,2802,Adventure
Mission: Impossible - Fallout,48.3,7.4,7130,Action
Tarzan,68.0,7.4,6055,Family
A Quiet Place,95.7,7.4,12690,Horror
The Mission,12.1,7.4,1207,Adventure
The Piano,14.3,7.4,1279,Drama
Mudbound,10.4,7.4,1112,Drama
I Can Quit Whenever I Want 2: Masterclass,7.4,7.4,1147,Action
Inside Man,34.8,7.4,5123,Crime
Okja,22.5,7.4,3893,Adventure
Life of Pi,34.6,7.4,12180,Adventure
Legends of the Fall,26.3,7.4,2223,Adventure
American Psycho,52.0,7.4,9335,Thriller
Saw,43.1,7.4,8032,Horror
Lost in Translation,20.6,7.4,6498,Drama
Burning,13.7,7.4,1322,Mystery
Only the Brave,34.0,7.4,1352,Drama
Moonlight,17.0,7.4,6470,Drama
Black Panther,55.0,7.4,20590,Action
As Good as It Gets,20.2,7.4,3336,Drama
The Omen,16.5,7.4,1724,Horror
August Rush,22.0,7.4,2474,Family
I Want You,55.2,7.4,1672,Drama
Once,10.1,7.4,1155,Drama
The Last of the Mohicans,20.9,7.4,2650,Action
Mad Max 2,23.8,7.4,3163,Adventure
Adaptation.,10.7,7.4,2146,Comedy
Enemy at the Gates,29.5,7.4,3148,Drama
Sicario,45.0,7.4,7563,Action
The Hunt for Red October,24.3,7.4,2838,Action
The Twelve Tasks of Asterix,14.7,7.4,1045,Family
Scream,134.5,7.4,5853,Crime
The Basketball Diaries,65.2,7.4,1715,Drama
Glengarry Glen Ross,16.4,7.4,1117,Crime
Taken,57.3,7.4,10139,Action
Doctor Strange in the Multiverse of Madness,247.5,7.4,7371,Fantasy
The Devil Wears Prada,64.3,7.4,10783,Comedy
The Great Gatsby,26.9,7.4,11236,Drama
Beetlejuice,37.5,7.4,5934,Fantasy
If I Stay,21.8,7.4,3961,Drama
Jacob's Ladder,16.1,7.4,1366,Drama
The Fighter,13.4,7.4,3902,Drama
Interview with the Vampire,34.9,7.4,5160,Horror
Minari,13.3,7.4,1309,Drama
Judas and the Black Messiah,13.7,7.4,1254,Drama
Stuck in Love,18.3,7.4,1758,Drama
The Fly,27.8,7.4,3774,Horror
Trolls World Tour,51.2,7.4,1865,Family
Descendants 2,31.9,7.4,1463,Family
Office Space,22.2,7.4,2544,Comedy
The Remains of the Day,16.0,7.4,1100,Drama
Fantasia,36.7,7.4,2704,Animation
EverAfter,18.6,7.4,1291,Drama
The Zookeeper's Wife,15.0,7.4,1384,Drama
Enter the Void,11.5,7.4,1550,Fantasy
A Time to Kill,26.7,7.4,2105,Crime
Serenity,25.1,7.4,3107,Science Fiction
Dead Man Walking,13.2,7.4,1168,Drama
French Fried Vacation 2: The Bronzés go Skiing,6.0,7.4,1074,Comedy
Eastern Promises,16.6,7.4,2859,Thriller
Blow,24.3,7.4,3894,Crime
Philomena,8.5,7.4,1461,Drama
Asterix & Obelix: Mission Cleopatra,22.4,7.4,3052,Family
Black Hawk Down,32.3,7.4,5030,Action
Dog,110.5,7.4,1195,Drama
Fruitvale Station,11.4,7.4,1143,Drama
The Impossible,18.3,7.4,5732,Adventure
My Girl,19.6,7.4,1833,Comedy
An American Werewolf in London,29.3,7.4,2031,Horror
Lolita,25.2,7.4,1768,Drama
Southpaw,42.2,7.4,5048,Action
Rise of the Guardians,48.7,7.4,6060,Family
My Sister's Keeper,33.1,7.4,1889,Drama
Close Encounters of the Third Kind,19.5,7.4,3692,Science Fiction
Scream VI,2472.8,7.4,1003,Horror
Love and Monsters,30.9,7.4,3494,Comedy
Sonic the Hedgehog,90.5,7.4,8658,Action
The Girl with the Dragon Tattoo,26.8,7.4,6282,Thriller
The Wicker Man,15.8,7.4,1110,Horror
M3GAN,638.5,7.4,2535,Science Fiction
Teen Titans Go! To the Movies,22.4,7.4,1002,Animation
Tucker and Dale vs. Evil,12.2,7.4,2406,Comedy
Falling Down,20.8,7.4,3161,Crime
Run,27.6,7.4,2102,Thriller
Now Is Good,8.4,7.4,1025,Drama
Road to Perdition,20.1,7.4,3195,Crime
Precious,14.3,7.4,1478,Drama
Goldfinger,26.9,7.4,3132,Adventure
Jackie Brown,18.1,7.4,5654,Crime
Match Point,16.2,7.4,3669,Drama
Saving Mr. Banks,9.4,7.4,3041,Comedy
Darkest Hour,18.4,7.4,4638,Drama
The Social Network,34.3,7.3,10823,Drama
Spider-Man: Homecoming,93.5,7.3,19937,Action
Dirty Dancing,25.8,7.3,5487,Drama
Ghostland,36.6,7.3,2086,Horror
20th Century Women,11.5,7.3,1024,Drama
The Little Mermaid,127.1,7.3,6974,Animation
Perfume: The Story of a Murderer,50.2,7.3,4032,Crime
Extraction,50.7,7.3,4943,Drama
Les Misérables,16.7,7.3,4865,History
The Butler,15.1,7.3,2682,Drama
Ice Age,100.0,7.3,11946,Animation
Black Widow,87.0,7.3,8878,Action
Now You See Me,46.7,7.3,14424,Thriller
Dazed and Confused,16.3,7.3,1758,Comedy
21 Grams,12.7,7.3,2765,Drama
The Big Sick,12.3,7.3,2189,Comedy
Law Abiding Citizen,95.2,7.3,4418,Drama
To Catch a Thief,10.8,7.3,1288,Crime
The Mafia Kills Only in Summer,7.9,7.3,1054,Romance
Blow Out,12.5,7.3,1179,Crime
Martyrs,27.0,7.3,2305,Horror
25th Hour,14.2,7.3,2081,Crime
Pirates of the Caribbean: Dead Man's Chest,87.4,7.3,14464,Adventure
Maleficent: Mistress of Evil,58.5,7.3,5508,Family
Twin Peaks: Fire Walk with Me,17.5,7.3,1656,Drama
Fantastic Beasts and Where to Find Them,49.9,7.3,17592,Fantasy
The Big Short,24.4,7.3,8050,Comedy
"Good Morning, Vietnam",16.2,7.3,2329,Comedy
Rocketman,23.8,7.3,4154,Music
The Hobbit: An Unexpected Journey,69.9,7.3,17003,Adventure
Papillon,22.4,7.3,1696,Drama
Split,57.9,7.3,15954,Horror
Minority Report,28.2,7.3,7739,Action
Christopher Robin,19.6,7.3,2466,Adventure
Delicatessen,12.4,7.3,1222,Comedy
Star Trek Into Darkness,31.0,7.3,8402,Action
Dark City,21.9,7.3,2406,Mystery
The Terminal,23.9,7.3,6997,Comedy
Christiane F.,19.5,7.3,1169,Drama
Monty Python's The Meaning of Life,10.0,7.3,1620,Comedy
A Very Long Engagement,12.6,7.3,1052,Drama
Palm Springs,17.9,7.3,2519,Comedy
Woman in Gold,11.5,7.3,1264,Drama
Funny Games,18.2,7.3,1552,Drama
The Abyss,18.4,7.3,2484,Adventure
"O Brother, Where Art Thou?",16.3,7.3,3635,Adventure
Watchmen,30.5,7.3,8223,Action
The Wailing,17.7,7.3,1425,Horror
Wreck-It Ralph,78.2,7.3,11275,Family
Becoming Jane,12.2,7.3,1060,Romance
5 Centimeters per Second,33.5,7.3,1687,Animation
A Nightmare on Elm Street,39.0,7.3,4430,Horror
Run Lola Run,14.9,7.3,1914,Action
Finding Neverland,14.2,7.3,3291,Drama
End of Watch,13.5,7.3,2845,Crime
Gangs of New York,21.5,7.3,5905,Drama
The Fundamentals of Caring,11.9,7.3,2013,Comedy
Suite Française,11.5,7.3,1032,Drama
What's in a Name,6.5,7.3,1482,Comedy
John Wick: Chapter 2,244.9,7.3,11461,Action
The Hobbit: The Battle of the Five Armies,88.3,7.3,12962,Action
Deliverance,13.5,7.3,1347,Drama
The Hours,9.8,7.3,1465,Drama
Detroit,9.8,7.3,1484,Crime
The Guilty,13.7,7.3,1484,Thriller
Brooklyn,12.7,7.3,2867,Romance
The Evil Dead,128.9,7.3,3360,Horror
Enola Holmes,27.4,7.3,5328,Adventure
The Hangover,82.4,7.3,15412,Comedy
Brothers,86.3,7.3,2994,Drama
The Bourne Supremacy,26.6,7.3,6753,Action
A Single Man,12.3,7.3,1390,Drama
Frost/Nixon,11.1,7.3,1023,Drama
The Judge,26.1,7.3,3636,Drama
Dawn of the Planet of the Apes,74.5,7.3,10088,Science Fiction
Pitch Perfect,34.7,7.3,6084,Comedy
Patch Adams,17.1,7.3,2905,Comedy
Suburra,8.2,7.3,1170,Crime
The Texas Chain Saw Massacre,27.5,7.3,2729,Horror
Balto,14.7,7.3,1839,Family
The Kite Runner,13.7,7.3,1036,Drama
Gone Baby Gone,16.2,7.3,3281,Crime
#Alive,40.7,7.3,1502,Horror
Heathers,17.1,7.3,1446,Comedy
Hell or High Water,16.9,7.3,4020,Western
Star Trek: First Contact,19.6,7.3,1530,Science Fiction
Phantom Thread,14.7,7.3,3117,Drama
The Hundred-Foot Journey,13.4,7.3,1292,Drama
Star Wars: The Force Awakens,64.9,7.3,17975,Adventure
True Grit,17.2,7.3,4755,Drama
Pay It Forward,14.4,7.3,1580,Drama
Battle Royale,17.9,7.3,2954,Drama
Little Women,16.3,7.3,1091,Drama
Videodrome,12.3,7.3,1862,Horror
War Horse,47.6,7.3,3070,War
A Christmas Story,9.6,7.3,1085,Comedy
Indiana Jones and the Temple of Doom,32.5,7.3,8056,Adventure
They Live,14.2,7.3,2562,Science Fiction
Blood Simple,11.3,7.3,1170,Crime
The Aristocats,44.5,7.3,4525,Animation
X-Men: First Class,2.2,7.3,11705,Action
Source Code,70.1,7.3,7465,Thriller
Colonia,14.5,7.3,1766,Drama
House of Flying Daggers,16.5,7.3,1396,Adventure
Bridge to Terabithia,39.5,7.3,4249,Adventure
The Illusionist,27.8,7.3,4384,Fantasy
The Conjuring 2,76.0,7.3,7499,Horror
The Devil's Backbone,14.7,7.3,1049,Fantasy
Blazing Saddles,17.3,7.3,1595,Western
RoboCop,31.4,7.3,4378,Action
Carrie,26.8,7.3,3266,Horror
Fall,412.1,7.3,2805,Thriller
Lady and the Tramp,23.6,7.3,1403,Family
Robin Hood,33.1,7.3,3920,Animation
Rise of the Planet of the Apes,51.9,7.3,10554,Thriller
Dead Man,8.7,7.3,1344,Drama
Clueless,29.9,7.3,3866,Comedy
Fracture,17.9,7.3,3491,Thriller
Avengers: Age of Ultron,98.3,7.3,21238,Action
The Jungle Book,58.6,7.3,5663,Family
Lethal Weapon,30.8,7.3,4009,Adventure
Meet Joe Black,51.5,7.3,4401,Fantasy
Frozen II,85.5,7.3,8829,Family
The Phantom of the Opera,16.8,7.3,1430,Thriller
Black Panther: Wakanda Forever,780.3,7.3,4732,Action
Total Recall,32.5,7.3,5070,Action
The Fisher King,10.5,7.3,1153,Comedy
West Side Story,14.4,7.3,1637,Crime
13 Hours: The Secret Soldiers of Benghazi,43.9,7.3,3104,War
Argo,21.3,7.3,7567,Drama
Army of Darkness,38.7,7.3,2690,Fantasy
Airplane!,35.9,7.3,3912,Comedy
Hereditary,59.8,7.3,6568,Horror
Lady Bird,26.2,7.3,7597,Drama
Creed III,2321.4,7.3,1295,Drama
(500) Days of Summer,44.0,7.3,9089,Comedy
Milk,12.9,7.3,1963,History
Lord of War,23.8,7.3,4107,Crime
Spider-Man,94.6,7.3,17061,Fantasy
Man on the Moon,11.4,7.3,1531,Comedy
Zombieland,38.5,7.3,11149,Comedy
Notting Hill,28.8,7.3,5391,Romance
The Guardians of the Galaxy Holiday Special,281.6,7.3,1303,Comedy
Escape from Pretoria,19.9,7.3,1095,Drama
Labyrinth,19.0,7.3,2090,Adventure
Tell No One,12.1,7.3,1227,Drama
A Monster Calls,41.8,7.3,3046,Drama
Suffragette,10.0,7.3,1494,Drama
Love Me If You Dare,12.8,7.3,1660,Drama
Over the Moon,30.1,7.3,1158,Animation
"OSS 117: Cairo, Nest of Spies",11.0,7.3,1521,Crime
Race,16.6,7.3,1415,Drama
Only Lovers Left Alive,12.7,7.3,1948,Drama
Leaving Las Vegas,18.0,7.3,1208,Drama
Shutter,22.3,7.3,1021,Horror
Cape Fear,14.8,7.3,2949,Crime
Stranger Than Fiction,10.7,7.3,2006,Comedy
Brother Bear,52.9,7.3,4865,Adventure
Green Street Hooligans,13.4,7.3,2083,Crime
Rocky II,39.0,7.3,3805,Drama
Coherence,57.8,7.3,2451,Thriller
"Crazy, Stupid, Love.",29.0,7.3,7471,Comedy
The Hurt Locker,25.5,7.3,5028,Drama
Moneyball,14.8,7.3,4436,Drama
The Boat That Rocked,12.3,7.3,1906,Drama
Fear Street: 1978,35.8,7.3,1574,Mystery
Pleasantville,12.7,7.3,1470,Fantasy
Fast Five,22.1,7.3,7279,Action
The Boondock Saints,17.2,7.3,2104,Action
The Shape of Water,24.4,7.2,11260,Drama
Begin Again,13.5,7.2,3471,Comedy
"Everything, Everything",12.8,7.2,3546,Drama
Safe Haven,16.5,7.2,2147,Romance
The Sword in the Stone,40.3,7.2,3447,Animation
Clifford the Big Red Dog,96.3,7.2,1551,Family
Ip Man 4: The Finale,18.6,7.2,1693,Action
Frozen,89.9,7.2,15151,Animation
The Road to El Dorado,45.1,7.2,3399,Family
Monster,17.5,7.2,2019,Crime
Bicentennial Man,25.4,7.2,3228,Science Fiction
Die Hard: With a Vengeance,43.6,7.2,5425,Action
The Last Song,12.6,7.2,3165,Drama
Stardust,18.4,7.2,3628,Adventure
The Prince of Egypt,34.5,7.2,3525,Adventure
The Outsiders,31.1,7.2,1130,Crime
Last Christmas,12.5,7.2,2084,Comedy
The Painted Veil,11.8,7.2,1020,Romance
The Kissing Booth,56.1,7.2,6817,Romance
Collateral Beauty,17.8,7.2,5056,Drama
Nomadland,20.5,7.2,2544,Drama
Ferdinand,42.8,7.2,2567,Animation
It's Only the End of the World,12.7,7.2,1482,Drama
Wonder Woman,57.2,7.2,18594,Action
Spider-Man 2,28.2,7.2,13647,Action
"Planes, Trains and Automobiles",14.5,7.2,1621,Comedy
The Devil All the Time,20.6,7.2,2919,Crime
Every Day,16.1,7.2,2072,Fantasy
Jumanji,16.3,7.2,9585,Adventure
Pirates of the Caribbean: At World's End,98.5,7.2,12979,Adventure
It,63.7,7.2,17547,Horror
The Equalizer,100.8,7.2,7803,Thriller
Jane Eyre,12.2,7.2,1324,Drama
Crash,20.4,7.2,3088,Drama
Irreversible,27.4,7.2,2456,Drama
Furious 7,174.9,7.2,9690,Action
Shrek 2,115.8,7.2,10969,Animation
The Vow,23.4,7.2,3688,Drama
The Orphanage,24.2,7.2,2584,Horror
The Dreamers,26.6,7.2,2547,Drama
To the Bone,13.0,7.2,3307,Drama
Driving Miss Daisy,12.4,7.2,1360,Drama
Bridge of Spies,16.0,7.2,6273,Thriller
Headhunters,12.2,7.2,1067,Thriller
The Naked Gun: From the Files of Police Squad!,26.4,7.2,3161,Comedy
Peter Pan,54.6,7.2,4834,Animation
The Aviator,16.8,7.2,4755,Drama
Kung Fu Panda,89.9,7.2,10186,Action
Fear and Loathing in Las Vegas,21.3,7.2,4102,Adventure
Triangle of Sadness,100.1,7.2,1253,Comedy
Clue,35.5,7.2,1459,Comedy
Despicable Me,61.7,7.2,13892,Family
In the Mouth of Madness,12.9,7.2,1392,Horror
Skyfall,42.4,7.2,14205,Action
"South Park: Bigger, Longer & Uncut",30.0,7.2,2340,Animation
National Lampoon's Christmas Vacation,20.9,7.2,2014,Comedy
Good Time,13.5,7.2,2519,Thriller
Superbad,57.8,7.2,6358,Comedy
Batman,44.3,7.2,6884,Fantasy
The Menu,81.2,7.2,3071,Horror
Frequency,40.5,7.2,1510,Science Fiction
After We Collided,102.3,7.2,4926,Romance
Ralph Breaks the Internet,67.5,7.2,6766,Family
Alita: Battle Angel,59.6,7.2,8172,Action
Ghost,36.1,7.2,4946,Fantasy
Fear Street: 1666,28.0,7.2,1405,Mystery
A Fish Called Wanda,16.2,7.2,1861,Comedy
The Lego Batman Movie,35.2,7.2,4427,Animation
Marley & Me,21.4,7.2,4210,Comedy
Tenet,52.2,7.2,8259,Action
Tootsie,14.5,7.2,1532,Comedy
Collateral,28.1,7.2,4878,Drama
28 Days Later,36.6,7.2,5884,Horror
Sweeney Todd: The Demon Barber of Fleet Street,23.0,7.2,5329,Drama
Inside Llewyn Davis,12.6,7.2,2396,Drama
Big Trouble in Little China,25.2,7.2,2586,Action
Sherlock Holmes,31.5,7.2,12900,Action
The Intern,56.1,7.2,6012,Comedy
I Am Legend,52.6,7.2,14299,Drama
3:10 to Yuma,18.1,7.2,3131,Western
Thank You for Smoking,11.1,7.2,1874,Comedy
Don't Breathe 2,64.8,7.2,2070,Thriller
Marrowbone,20.7,7.2,1254,Thriller
Melancholia,14.8,7.2,3085,Drama
Doubt,15.8,7.2,1493,Drama
Dracula,15.5,7.2,1001,Horror
The Choice,17.6,7.2,1738,Drama
The Town,49.5,7.2,4457,Crime
Eighth Grade,15.5,7.2,1326,Comedy
Ballerina,32.5,7.2,1700,Animation
The Hunger Games,49.9,7.2,20205,Science Fiction
The NeverEnding Story,36.0,7.2,3579,Adventure
Invictus,15.2,7.2,3745,Drama
Alice in Wonderland,46.3,7.2,5301,Animation
Trading Places,26.0,7.2,2840,Comedy
P.S. I Love You,16.7,7.2,3053,Drama
The Princess and the Frog,104.0,7.2,4890,Romance
K-PAX,15.8,7.2,2083,Science Fiction
Burlesque,13.3,7.2,2068,Drama
Kiss Kiss Bang Bang,12.3,7.2,2366,Comedy
Star Trek IV: The Voyage Home,19.0,7.2,1271,Science Fiction
Beverly Hills Cop,20.9,7.2,3515,Action
The Man Who Knew Infinity,20.0,7.2,1265,Drama
The Old Guard,18.5,7.2,3690,Action
F9,242.0,7.2,6226,Action
Carnage,14.2,7.2,2646,Comedy
The Animatrix,18.5,7.2,1362,Animation
Limitless,37.2,7.2,9643,Thriller
The Lincoln Lawyer,20.6,7.2,2810,Crime
Out of Africa,16.1,7.2,1200,History
Eddie the Eagle,13.5,7.2,1927,Comedy
Wall Street,16.7,7.2,1781,Crime
Peter Pan,57.1,7.2,2395,Adventure
Mrs. Doubtfire,23.8,7.2,5469,Comedy
Men in Black,51.0,7.2,12463,Action
Rust and Bone,11.6,7.2,1244,Drama
The English Patient,14.9,7.2,1853,Drama
A History of Violence,17.0,7.2,2798,Drama
Mission: Impossible - Rogue Nation,44.7,7.2,7802,Action
Mean Girls,113.3,7.2,7699,Comedy
Identity,19.0,7.2,3357,Mystery
The Karate Kid,28.6,7.2,3637,Action
Hugo,22.5,7.2,6595,Adventure
The Edge of Seventeen,16.9,7.2,3753,Comedy
The Cat Returns,30.2,7.2,1684,Adventure
What Dreams May Come,30.3,7.2,2038,Drama
The Bucket List,20.1,7.2,3363,Drama
[REC],27.1,7.2,3820,Horror
The Talented Mr. Ripley,17.7,7.2,3095,Thriller
Babel,16.1,7.2,3307,Drama
What Happened to Monday,38.4,7.2,5550,Science Fiction
The Maze Runner,109.9,7.2,15541,Action
Secret of the Wings,70.3,7.2,1059,Animation
A League of Their Own,23.1,7.2,1194,Comedy
300,43.4,7.2,12510,Action
Sully,22.7,7.2,6506,Drama
The King,26.3,7.2,2830,Drama
The Darjeeling Limited,11.3,7.2,3111,Adventure
Elizabeth,17.9,7.2,1234,Drama
Seven Years in Tibet,14.7,7.2,2496,Adventure
One Hundred and One Dalmatians,50.7,7.2,5645,Adventure
The Secret Life of Walter Mitty,23.8,7.2,6923,Adventure
The House That Jack Built,14.1,7.2,2340,Drama
Sleepy Hollow,28.1,7.2,6014,Drama
Midsommar,45.2,7.2,5813,Horror
The Christmas Chronicles,15.1,7.2,1892,Comedy
Crimson Tide,16.6,7.2,1495,Thriller
The Master,14.0,7.2,2620,Drama
Gravity,21.4,7.2,14150,Science Fiction
Following,8.4,7.2,1324,Drama
The Patriot,39.2,7.2,3416,Drama
50/50,16.1,7.2,3398,Comedy
Lars and the Real Girl,11.4,7.2,1556,Comedy
War for the Planet of the Apes,55.1,7.2,7840,Drama
The Parent Trap,85.7,7.2,3664,Comedy
Midway,34.3,7.2,2142,Action
Big,39.8,7.2,3159,Fantasy
Don't Look Up,32.7,7.2,6857,Science Fiction
The Ballad of Buster Scruggs,22.7,7.2,3550,Western
Trumbo,11.7,7.2,1431,Drama
Belfast,15.3,7.2,1122,Drama
The French Dispatch,25.6,7.2,2015,Comedy
Bad Boys for Life,54.3,7.2,7424,Thriller
Murder on the Orient Express,19.0,7.2,1196,Drama
Doctor Sleep,27.0,7.2,3783,Horror
Stepmom,19.8,7.2,1271,Drama
After,119.9,7.1,7587,Romance
42,32.6,7.1,1593,Drama
Molly's Game,22.2,7.1,3333,Drama
Little White Lies,12.7,7.1,1407,Comedy
The Return of the Living Dead,24.5,7.1,1760,Horror
Across the Universe,12.7,7.1,1200,Drama
Poltergeist,24.2,7.1,2584,Horror
High Fidelity,13.7,7.1,1703,Drama
Uncut Gems,24.6,7.1,4067,Drama
Mamma Mia! Here We Go Again,17.5,7.1,3032,Comedy
Matilda,47.9,7.1,3896,Comedy
Troy,43.1,7.1,9127,Adventure
Munich,15.5,7.1,2270,Drama
Friday,32.3,7.1,1515,Comedy
The Invisible Man,26.5,7.1,5102,Thriller
Greenland,45.7,7.1,3821,Action
The Fox and the Hound,37.7,7.1,2862,Adventure
Scoob!,32.6,7.1,1524,Animation
Punch-Drunk Love,14.8,7.1,1985,Drama
The Angry Birds Movie 2,35.3,7.1,1435,Animation
Unbreakable,26.2,7.1,8369,Thriller
The Upside,22.9,7.1,1079,Comedy
OSS 117: Lost in Rio,9.1,7.1,1261,Crime
The Guardian,17.5,7.1,1314,Action
United 93,12.3,7.1,1272,Drama
The Lion King,79.6,7.1,9089,Adventure
Whatever Works,11.5,7.1,1576,Comedy
Sherlock Holmes: A Game of Shadows,31.4,7.1,9536,Adventure
8 Mile,27.4,7.1,6464,Drama
After We Fell,123.3,7.1,2166,Romance
Anomalisa,12.7,7.1,1535,Animation
The First King,10.3,7.1,1050,History
The Way Way Back,11.9,7.1,1550,Comedy
Silver Linings Playbook,24.9,7.1,11081,Drama
Silence,21.9,7.1,2751,Drama
We Were Soldiers,21.0,7.1,1783,Action
Chicago,16.0,7.1,2289,Comedy
22 July,13.3,7.1,1061,History
Superman,42.4,7.1,3317,Science Fiction
The Life Aquatic with Steve Zissou,17.3,7.1,2498,Adventure
Point Break,32.9,7.1,3069,Action
Pi,11.6,7.1,1937,Mystery
Field of Dreams,17.0,7.1,1255,Drama
The Last Castle,18.5,7.1,1079,Action
Angel Heart,14.4,7.1,1284,Horror
The Lucky One,21.9,7.1,3331,Drama
"The Chronicles of Narnia: The Lion, the Witch and the Wardrobe",180.4,7.1,9510,Adventure
Dogtooth,14.7,7.1,1860,Drama
Lightyear,118.4,7.1,2815,Animation
Kick-Ass,48.7,7.1,10747,Action
Lolita,49.0,7.1,1503,Drama
Aladdin,60.2,7.1,9199,Adventure
The Disaster Artist,10.1,7.1,3231,Comedy
The Visitors,14.5,7.1,1700,Fantasy
The Half of It,13.9,7.1,1344,Comedy
Maze Runner: The Death Cure,46.9,7.1,6936,Science Fiction
Chef,15.6,7.1,2908,Comedy
The Proposal,60.5,7.1,5974,Comedy
Master and Commander: The Far Side of the World,21.9,7.1,2714,Adventure
John Q,21.1,7.1,2110,Drama
Snow White and the Seven Dwarfs,70.8,7.1,6645,Fantasy
The Northman,121.6,7.1,3344,Action
Speed,40.5,7.1,5379,Action
Sing,70.6,7.1,7280,Animation
La Femme Nikita,15.4,7.1,1674,Action
Mean Streets,14.0,7.1,1809,Drama
The Place,7.2,7.1,1125,Drama
Black Adam,646.3,7.1,4842,Action
Remember Me,20.7,7.1,3302,Drama
A Ghost Story,16.5,7.1,2062,Drama
Dope,10.0,7.1,1345,Crime
The Land Before Time,17.7,7.1,2275,Family
National Lampoon's Vacation,33.2,7.1,1307,Comedy
The Doors,14.6,7.1,1207,Music
Lady and the Tramp,49.9,7.1,4749,Family
The Founder,26.8,7.1,4291,Drama
Ruby Sparks,14.6,7.1,1441,Comedy
The Spanish Apartment,10.6,7.1,1003,Drama
Love Actually,19.3,7.1,5904,Comedy
Climax,20.6,7.1,1781,Horror
Pinocchio,46.9,7.1,5269,Animation
Elephant,25.3,7.1,1643,Crime
Snowden,15.5,7.1,3975,Drama
Kill Your Darlings,12.8,7.1,1245,Drama
Before the Devil Knows You're Dead,19.5,7.1,1272,Crime
The Nice Guys,19.1,7.1,6995,Comedy
Audition,19.1,7.1,1284,Horror
Mortal Kombat,135.3,7.1,5214,Action
Descendants,41.5,7.1,2097,Family
The Hunchback of Notre Dame,30.9,7.1,4477,Drama
The Virgin Suicides,16.1,7.1,2729,Drama
Garden State,13.3,7.1,1609,Comedy
Paterson,11.0,7.1,1663,Drama
Ghost World,12.3,7.1,1210,Comedy
An Officer and a Spy,10.4,7.1,1332,History
St. Vincent,18.2,7.1,1676,Comedy
The Man from U.N.C.L.E.,26.4,7.1,5700,Comedy
The Rock,30.0,7.1,4079,Action
Maleficent,64.4,7.1,12238,Fantasy
The Light Between Oceans,15.0,7.1,1250,Drama
Gremlins,25.2,7.1,5642,Fantasy
Concussion,10.9,7.1,2335,Drama
Blue Is the Warmest Color,13.9,7.1,4141,Romance
Brain on Fire,13.3,7.1,1271,Drama
Easy Rider,16.0,7.1,1729,Adventure
Boyka: Undisputed IV,98.5,7.1,1131,Action
Ong Bak: Muay Thai Warrior,35.1,7.1,1482,Action
Ant-Man,71.4,7.1,18286,Science Fiction
Toc Toc,19.4,7.1,1118,Comedy
Shooter,45.2,7.1,4212,Action
Malcolm & Marie,19.7,7.1,1239,Drama
Glass Onion: A Knives Out Mystery,142.3,7.1,4031,Comedy
Crazy Rich Asians,20.4,7.1,3272,Comedy
Sideways,11.0,7.1,1406,Comedy
The Holiday,18.0,7.1,4449,Comedy
Superman/Shazam!: The Return of Black Adam,30.9,7.1,1427,Animation
Rocky IV,53.7,7.1,3848,Drama
Natural Born Killers,19.2,7.1,2995,Crime
The Forever Purge,65.2,7.1,2088,Horror
The Space Between Us,17.6,7.1,2281,Romance
WarGames,19.4,7.1,1554,Thriller
From Russia with Love,34.8,7.1,2584,Action
"The Legend of Al, John and Jack",4.8,7.1,1064,Comedy
365 Days,26.3,7.1,8228,Romance
The Next Three Days,21.2,7.1,2551,Romance
Shaolin Soccer,37.3,7.1,1888,Action
The Adam Project,79.8,7.1,3564,Adventure
The Addams Family 2,73.5,7.1,1093,Animation
Traffic,32.5,7.1,1836,Thriller
Escape from New York,17.5,7.1,2680,Science Fiction
127 Hours,19.0,7.1,6832,Adventure
The Assassination of Jesse James by the Coward Robert Ford,18.1,7.1,2189,Action
Raw,16.2,7.1,2842,Drama
Witness,15.5,7.1,1376,Crime
West Side Story,21.6,7.1,1243,Drama
School of Rock,32.0,7.1,5018,Comedy
The Negotiator,17.2,7.1,1783,Action
Paddington,23.5,7.1,3222,Comedy
The Girl Who Kicked the Hornet's Nest,17.7,7.1,1204,Action
Hocus Pocus,30.3,7.1,2643,Fantasy
The Lovely Bones,28.4,7.1,4111,Fantasy
Ready or Not,31.6,7.1,3715,Comedy
Galaxy Quest,13.7,7.1,1924,Comedy
Pieces of a Woman,15.1,7.1,1056,Drama
Holidate,18.7,7.1,1907,Comedy
Wild at Heart,13.6,7.1,1392,Crime
Nerve,19.7,7.1,6429,Mystery
The Accountant,27.5,7.1,5471,Crime
Mission: Impossible - Ghost Protocol,49.4,7.1,8843,Action
Vice,13.4,7.1,3001,Comedy
The Lost Boys,21.5,7.1,1712,Horror
Rose Island,11.4,7.1,1150,Comedy
Disconnect,8.7,7.1,1009,Drama
Mud,11.0,7.1,2496,Drama
The Great Mouse Detective,20.6,7.1,1447,Animation
American Graffiti,36.6,7.1,1207,Comedy
Holy Motors,10.0,7.1,1000,Drama
Ring,17.4,7.0,1177,Horror
Take Shelter,10.5,7.0,1516,Thriller
Soul Surfer,24.0,7.0,1090,Family
Hotel Transylvania: Transformania,186.1,7.0,1502,Animation
Emma.,28.0,7.0,1511,Comedy
First Man,22.7,7.0,4749,History
Finding Dory,38.3,7.0,11182,Adventure
Constantine,69.4,7.0,6273,Fantasy
Juno,16.4,7.0,6521,Comedy
Shazam!,104.8,7.0,8511,Action
True Lies,32.8,7.0,3518,Action
A.I. Artificial Intelligence,23.5,7.0,5561,Drama
Lawless,23.4,7.0,2761,Crime
I See You,33.9,7.0,1184,Thriller
Booksmart,15.0,7.0,2297,Comedy
Patriots Day,17.9,7.0,2319,Action
The Kings of Summer,11.6,7.0,1007,Comedy
Tom Clancy's Without Remorse,72.0,7.0,2162,Adventure
Charlie and the Chocolate Factory,75.7,7.0,13580,Adventure
Love & Other Drugs,41.9,7.0,4546,Drama
Cinderella,79.3,7.0,6054,Family
Willow,17.0,7.0,1679,Action
The Kissing Booth 3,36.0,7.0,1645,Romance
Top Gun,72.3,7.0,7324,Romance
The Matrix Reloaded,36.7,7.0,9812,Adventure
Dawn of the Dead,37.6,7.0,3461,Horror
The Princess Switch,17.1,7.0,2059,Romance
Legend,48.3,7.0,3420,Crime
Ladyhawke,13.1,7.0,1000,Adventure
Boy Erased,10.4,7.0,1261,Drama
Eye in the Sky,14.9,7.0,1384,Drama
The Addams Family,65.2,7.0,4012,Comedy
Uncharted,197.3,7.0,4652,Action
The Lobster,36.3,7.0,5397,Comedy
Raising Arizona,14.5,7.0,1781,Comedy
Monsters University,81.4,7.0,9668,Animation
The Rainmaker,15.4,7.0,1086,Drama
The Thirteenth Floor,12.6,7.0,1098,Thriller
Wallace & Gromit: The Curse of the Were-Rabbit,24.7,7.0,2341,Adventure
Fright Night,22.8,7.0,1152,Comedy
The Darkest Minds,23.4,7.0,2413,Action
Day of the Dead,13.0,7.0,1039,Horror
Suck Me Shakespeer,14.3,7.0,1534,Comedy
Last Tango in Paris,16.4,7.0,1066,Drama
Licorice Pizza,19.2,7.0,1763,Drama
Five,8.6,7.0,1081,Comedy
X2,1.5,7.0,9166,Adventure
Equilibrium,23.3,7.0,4012,Action
This Must Be the Place,8.5,7.0,1111,Drama
Re-Animator,13.6,7.0,1260,Science Fiction
The Death of Stalin,13.2,7.0,1583,Comedy
Wild,13.4,7.0,2218,Drama
Love Hard,12.1,7.0,1282,Comedy
First Reformed,13.5,7.0,1162,Drama
"Extremely Wicked, Shockingly Evil and Vile",21.1,7.0,3027,Crime
Star Trek VI: The Undiscovered Country,13.4,7.0,1092,Science Fiction
The Dead Zone,16.4,7.0,1381,Thriller
Starship Troopers,27.3,7.0,4207,Adventure
Nightmare Alley,58.8,7.0,2371,Thriller
The First Time,17.5,7.0,1995,Drama
Starstruck,21.6,7.0,1103,Romance
Bloodsport,25.1,7.0,1542,Action
Dolemite Is My Name,8.3,7.0,1020,Drama
The Killing of a Sacred Deer,19.4,7.0,3233,Drama
Red Dragon,5.9,7.0,3749,Crime
Face/Off,28.4,7.0,4633,Action
The Cider House Rules,11.9,7.0,1008,Drama
Fantasia 2000,15.1,7.0,1111,Animation
Barbie as Rapunzel,44.2,7.0,1112,Animation
From Dusk Till Dawn,27.2,7.0,5238,Horror
Don't Breathe,22.8,7.0,6718,Thriller
Brave,73.4,7.0,12302,Animation
Bambi,50.5,7.0,5085,Animation
Strange Days,8.5,7.0,1122,Crime
Bronson,11.5,7.0,2223,Drama
News of the World,11.3,7.0,1522,Drama
A Beautiful Day in the Neighborhood,14.1,7.0,1381,Drama
Manhunter,0.6,7.0,1100,Crime
The Full Monty,14.6,7.0,1404,Comedy
Animal House,17.9,7.0,1322,Comedy
Tolkien,16.9,7.0,1238,War
Rounders,16.3,7.0,1496,Drama
Creed II,121.8,7.0,4794,Drama
Blue Jasmine,14.8,7.0,3137,Drama
The Gray Man,92.6,7.0,2865,Action
Rush Hour,44.5,7.0,4164,Action
Dr. No,27.4,7.0,3139,Adventure
Capote,8.5,7.0,1251,Crime
Shaun the Sheep Movie,19.0,7.0,1213,Family
Orphan,36.5,7.0,4729,Horror
Dumbo,44.1,7.0,4445,Animation
Born on the Fourth of July,17.2,7.0,1465,Drama
Lethal Weapon 2,27.8,7.0,2976,Action
The Dressmaker,13.9,7.0,1490,Drama
Amistad,4.1,7.0,1132,Drama
The Post,14.7,7.0,4169,Drama
Timecrimes,10.4,7.0,1080,Science Fiction
It's Kind of a Funny Story,15.2,7.0,2157,Comedy
Enemy of the State,21.4,7.0,3360,Action
Big Eyes,11.0,7.0,3221,Drama
X-Men,1.3,7.0,10261,Adventure
Cashback,16.3,7.0,1060,Drama
The Simpsons Movie,64.7,7.0,7230,Animation
The Guard,10.5,7.0,1031,Action
The Road,18.5,7.0,3328,Adventure
Captain America: The First Avenger,51.3,7.0,19798,Action
Ocean's Eight,37.6,7.0,7571,Crime
Stronger,13.0,7.0,1341,Drama
Extremely Loud & Incredibly Close,13.4,7.0,1842,Drama
The SpongeBob SquarePants Movie,54.0,7.0,2526,Family
The Platform,93.4,7.0,6059,Drama
Matchstick Men,8.3,7.0,1490,Comedy
Cool Runnings,17.4,7.0,1761,Comedy
The Girl Who Played with Fire,16.9,7.0,1472,Drama
Trick 'r Treat,17.0,7.0,1611,Horror
Don't Be a Menace to South Central While Drinking Your Juice in the Hood,34.6,7.0,1105,Comedy
Eight Below,17.0,7.0,1539,Adventure
The Constant Gardener,12.5,7.0,1277,Drama
mother!,32.6,7.0,6120,Drama
Ip Man 3,27.9,7.0,1470,Action
Zero Dark Thirty,18.6,7.0,4040,Thriller
The Secret Life of Pets 2,56.3,7.0,2699,Adventure
10 Cloverfield Lane,25.0,7.0,7161,Thriller
Us,22.8,7.0,6557,Horror
Kingsman: The Golden Circle,66.3,7.0,9275,Action
The Lake House,20.9,7.0,2429,Drama
If Beale Street Could Talk,11.0,7.0,1017,Romance
Before I Fall,20.4,7.0,3198,Drama
The Odd Life of Timothy Green,12.6,7.0,1074,Fantasy
Atlantis: The Lost Empire,25.9,7.0,4217,Animation
Fresh,29.2,7.0,1110,Horror
Brawl in Cell Block 99,15.5,7.0,1180,Action
Stargate,24.5,7.0,2934,Action
Letters to Juliet,15.6,7.0,2652,Comedy
The Host,18.7,7.0,2410,Horror
Eternals,114.4,7.0,7092,Science Fiction
Birds of Prey (and the Fantabulous Emancipation of One Harley Quinn),56.9,7.0,9397,Action
Zombieland: Double Tap,38.4,7.0,4991,Comedy
C'est la vie!,9.7,7.0,1315,Comedy
The Pale Blue Eye,121.5,7.0,1279,Mystery
The Way Back,15.6,7.0,1324,Drama
Revolutionary Road,45.7,7.0,3439,Drama
Ruby Red,13.5,7.0,1042,Fantasy
The Duchess,15.6,7.0,1519,Drama
Real Steel,103.8,7.0,7288,Action
Mamma Mia!,24.7,7.0,5851,Comedy
In the Line of Fire,15.6,7.0,1327,Action
Agora,11.8,7.0,1261,Adventure
Memory,117.8,7.0,1199,Action
A Bug's Life,60.4,7.0,8325,Adventure
Beauty and the Beast,60.2,7.0,14645,Family
Pokémon Detective Pikachu,61.5,7.0,6094,Action
The Walk,14.3,7.0,2915,Adventure
The Queen,14.7,7.0,1138,Drama
Chocolat,12.8,7.0,2988,Comedy
The Descent,23.2,7.0,3345,Adventure
Mission: Impossible,40.8,7.0,7658,Adventure
The Place Beyond the Pines,17.1,7.0,4401,Drama
Ant-Man and the Wasp,70.0,7.0,12141,Action
Addams Family Values,60.5,7.0,2610,Comedy
Hotel Transylvania,51.9,7.0,7849,Animation
Sunshine,19.6,7.0,3266,Drama
The Ice Road,25.3,7.0,1441,Action
ParaNorman,26.9,7.0,2249,Family
A Goofy Movie,19.9,7.0,1529,Romance
In Time,56.8,7.0,10244,Action
RocknRolla,17.1,7.0,2606,Action
While You Were Sleeping,17.0,7.0,1501,Romance
Charlie St. Cloud,15.8,7.0,2023,Drama
T2 Trainspotting,14.1,6.9,2858,Drama
Water for Elephants,11.2,6.9,2348,Drama
Megamind,50.1,6.9,6103,Animation
Shame,18.0,6.9,2812,Drama
Set It Up,15.1,6.9,2396,Romance
Kung Fu Panda 2,61.0,6.9,6153,Animation
Jerry Maguire,17.5,6.9,2832,Comedy
The Fast and the Furious,16.9,6.9,8848,Action
Sleeping Beauty,49.7,6.9,4656,Fantasy
Borg vs McEnroe,8.6,6.9,1046,Drama
Trouble with the Curve,14.8,6.9,1354,Drama
Blue Valentine,20.1,6.9,2857,Drama
El Camino: A Breaking Bad Movie,30.1,6.9,4269,Crime
Homefront,26.1,6.9,3072,Action
The Lion King II: Simba's Pride,63.8,6.9,4025,Family
Jumanji: The Next Level,69.2,6.9,7659,Adventure
Blood Red Sky,25.1,6.9,1336,Horror
The Best Exotic Marigold Hotel,9.6,6.9,1197,Drama
Frankenweenie,27.4,6.9,2940,Animation
Insidious,70.0,6.9,6000,Horror
The Time Traveler's Wife,14.7,6.9,2209,Drama
Pearl Harbor,37.2,6.9,5745,Action
The Fountain,14.9,6.9,2424,Drama
Suspiria,18.8,6.9,2211,Fantasy
Soylent Green,15.0,6.9,1069,Science Fiction
Victoria & Abdul,10.7,6.9,1072,Drama
The Princess Diaries,36.3,6.9,4449,Comedy
Odd Thomas,37.6,6.9,1137,Mystery
Pocahontas,41.4,6.9,5163,Adventure
The Foreigner,24.0,6.9,2267,Action
Ronin,17.5,6.9,2036,Action
Layer Cake,17.6,6.9,1780,Drama
At Eternity's Gate,15.6,6.9,1314,Drama
"I, Robot",98.9,6.9,10655,Action
Triangle,26.0,6.9,2189,Horror
The Marksman,49.8,6.9,1339,Action
Swiss Army Man,12.2,6.9,3169,Comedy
Passengers,29.8,6.9,12149,Drama
An Education,12.7,6.9,1169,Drama
Rescue Dawn,12.8,6.9,1059,Adventure
Just Like Heaven,18.6,6.9,2093,Drama
Insomnia,13.8,6.9,4092,Crime
Iron Man 3,64.1,6.9,20597,Action
The Mask,45.6,6.9,9087,Romance
Broken Flowers,9.6,6.9,1137,Comedy
The Crimson Rivers,13.8,6.9,1330,Crime
Terrifier 2,294.6,6.9,1171,Horror
Step Up Revolution,28.1,6.9,1905,Music
Nope,126.5,6.9,2876,Horror
Sink or Swim,9.2,6.9,1360,Drama
Shot Caller,21.6,6.9,1789,Crime
Spy Game,11.0,6.9,1806,Action
Hostiles,26.9,6.9,2041,Western
Divergent,46.2,6.9,11893,Action
Cold Mountain,26.0,6.9,1555,Drama
Die Hard 2,29.1,6.9,5100,Action
The Witches,24.1,6.9,1097,Adventure
Cars,60.1,6.9,12551,Animation
Barbarian,54.5,6.9,1436,Horror
Mulan,79.8,6.9,6125,Adventure
Sinbad: Legend of the Seven Seas,29.5,6.9,1795,Family
Despicable Me 2,62.0,6.9,10306,Animation
"Definitely, Maybe",16.7,6.9,2164,Comedy
Asterix: The Secret of the Magic Potion,15.2,6.9,1064,Family
Mona Lisa Smile,15.0,6.9,1510,Drama
The Witch,31.3,6.9,6172,Drama
The Bélier Family,13.5,6.9,2194,Comedy
Life As We Know It,28.0,6.9,2892,Comedy
White Chicks,58.3,6.9,3323,Comedy
Runaway Jury,14.8,6.9,1080,Drama
No Escape,36.4,6.9,2277,Thriller
Clerks II,13.1,6.9,1144,Comedy
The Croods,59.4,6.9,6432,Animation
Unleashed,22.6,6.9,1785,Action
Endless Love,15.7,6.9,1574,Drama
Pokémon: The First Movie,26.9,6.9,1280,Animation
Dogma,13.8,6.9,2202,Fantasy
Hotel Transylvania 3: Summer Vacation,45.4,6.9,3916,Animation
Batman Returns,34.3,6.9,5757,Action
Youth,12.8,6.9,1865,Comedy
Valkyrie,23.5,6.9,3264,Drama
Aquaman,80.3,6.9,12598,Action
Snowpiercer,27.6,6.9,8667,Action
Mr. Brooks,15.2,6.9,1506,Crime
Tom & Jerry,63.3,6.9,2214,Comedy
Boss Level,28.4,6.9,1258,Action
Locke,19.8,6.9,2410,Drama
9,33.0,6.9,3169,Action
Hellraiser,23.4,6.9,2132,Horror
Desperado,27.4,6.9,2500,Thriller
The Mummy,73.9,6.9,8068,Adventure
The Dig,15.4,6.9,1017,Drama
Sicario: Day of the Soldado,34.3,6.9,3058,Action
War Dogs,32.7,6.9,4335,Comedy
Highlander,28.8,6.9,2248,Adventure
Nymphomaniac: Vol. I,6.9,6.9,3012,Drama
Basic Instinct,25.4,6.9,3315,Thriller
The Fate of the Furious,175.1,6.9,9444,Action
The Jacket,12.1,6.9,1302,Thriller
Summer of 84,14.8,6.9,1131,Thriller
Frank,9.0,6.9,1471,Comedy
The Hunger Games: Mockingjay - Part 2,65.0,6.9,11261,Action
Little Shop of Horrors,15.7,6.9,1246,Horror
Serendipity,14.7,6.9,1684,Comedy
The Mist,28.6,6.9,4434,Horror
Kingdom of Heaven,34.5,6.9,3632,Drama
Day Shift,81.9,6.9,1560,Action
The Hitman's Bodyguard,35.5,6.9,5576,Action
Space Jam: A New Legacy,84.5,6.9,3588,Family
Fantastic Beasts: The Crimes of Grindelwald,32.1,6.9,9978,Fantasy
Madagascar,75.6,6.9,9820,Family
Army of Thieves,52.5,6.9,1651,Crime
Focus,33.7,6.9,7128,Romance
Leap Year,24.2,6.9,1843,Romance
Meet the Robinsons,36.0,6.9,2462,Animation
Spencer,16.5,6.9,1405,Drama
Death at a Funeral,14.3,6.9,1498,Comedy
Jexi,16.8,6.9,1046,Comedy
Step Up,22.0,6.9,3419,Music
The Adventures of Tintin,28.2,6.9,4894,Adventure
Gomorrah,9.3,6.9,1079,Drama
Alive,16.2,6.9,1252,Adventure
Shakespeare in Love,13.3,6.9,2742,Romance
GoldenEye,24.9,6.9,3417,Adventure
Plane,471.4,6.9,1169,Action
To All the Boys: P.S. I Still Love You,24.8,6.9,2342,Romance
Pitch Perfect 2,42.3,6.9,4999,Comedy
Filth,11.1,6.9,1517,Crime
Cloud Atlas,22.4,6.9,6508,Drama
21 Jump Street,36.2,6.9,9400,Action
Perfect Sense,12.3,6.9,1008,Drama
Malignant,62.1,6.9,1870,Horror
Looper,41.7,6.9,9376,Action
Sweet November,13.8,6.9,1152,Drama
Rocky III,37.9,6.9,3580,Drama
Enemy,20.5,6.9,5222,Thriller
Venom: Let There Be Carnage,166.7,6.9,8760,Science Fiction
Kung Fu Panda 3,70.9,6.9,5139,Action
The Frighteners,18.6,6.9,1305,Horror
Pacific Rim,80.8,6.9,11277,Action
It Chapter Two,66.2,6.9,7683,Horror
Fences,20.0,6.9,2389,Drama
A Knight's Tale,24.8,6.9,2712,Adventure
Fast & Furious Presents: Hobbs & Shaw,230.9,6.9,6307,Action
Captain Marvel,58.0,6.9,14217,Action
Sinister,33.9,6.9,4830,Horror
Tremors,38.6,6.9,2806,Horror
Independence Day,33.2,6.9,8620,Action
Lincoln,14.6,6.9,3414,History
Coming to America,26.9,6.9,3823,Comedy
The Peanuts Movie,24.0,6.9,1426,Comedy
The Jungle Book,45.3,6.9,7503,Family
Blended,78.0,6.9,3082,Comedy
A Christmas Carol,27.8,6.9,4084,Animation
King Kong,44.3,6.9,7098,Adventure
Don't Worry Darling,55.6,6.9,1576,Thriller
Jurassic World Dominion,289.5,6.9,4776,Adventure
Fighting with My Family,19.9,6.9,1503,Comedy
Bird Box,34.4,6.9,8924,Thriller
Never Let Me Go,12.0,6.9,2037,Drama
Cars 3,96.6,6.9,5055,Animation
American Made,20.6,6.9,3985,Action
Adrift,17.8,6.9,2392,Thriller
Good Boys,19.9,6.8,1617,Comedy
Game Night,27.8,6.8,5213,Mystery
Girls Trip,22.5,6.8,1386,Comedy
Stonehearst Asylum,24.5,6.8,1240,Thriller
Robin Hood: Prince of Thieves,24.3,6.8,2838,Action
eXistenZ,13.8,6.8,1648,Action
Deepwater Horizon,25.5,6.8,4069,Drama
American Hustle,24.3,6.8,6676,Drama
Maverick,19.4,6.8,1378,Action
Hunter Killer,36.6,6.8,1882,Action
22 Jump Street,29.3,6.8,7282,Crime
August: Osage County,14.0,6.8,1337,Comedy
Fatal Attraction,23.4,6.8,1238,Drama
Christine,21.7,6.8,1688,Horror
Bill & Ted's Excellent Adventure,16.5,6.8,1568,Adventure
Sorry to Bother You,11.7,6.8,1323,Fantasy
Step Up All In,33.3,6.8,1814,Romance
Nineteen Eighty-Four,13.3,6.8,1219,Drama
Space Jam,32.4,6.8,5453,Family
Dear John,16.9,6.8,3852,Drama
Star Wars: The Last Jedi,65.2,6.8,13951,Adventure
Phone Booth,13.9,6.8,3266,Thriller
Up in the Air,17.5,6.8,3216,Drama
Tinker Bell,49.4,6.8,1229,Animation
Rocky Balboa,32.6,6.8,3049,Drama
Déjà Vu,20.0,6.8,4211,Action
The Color of Money,15.4,6.8,1134,Drama
Iron Man 2,100.7,6.8,19237,Adventure
Closer,22.0,6.8,2978,Drama
50 First Dates,36.3,6.8,6503,Comedy
Dumplin',12.5,6.8,1296,Comedy
Bad Times at the El Royale,18.3,6.8,3172,Thriller
The Sisters Brothers,13.1,6.8,1723,Drama
The X Files,17.4,6.8,1381,Mystery
Pitch Black,13.1,6.8,3940,Thriller
About Schmidt,11.2,6.8,1060,Drama
Venom,70.8,6.8,14350,Science Fiction
Frozen Fever,24.7,6.8,1703,Animation
Hook,28.2,6.8,4767,Adventure
Innerspace,17.6,6.8,1079,Action
Another Cinderella Story,23.6,6.8,1631,Comedy
Flags of Our Fathers,15.7,6.8,1608,War
Where Am I Going?,6.8,6.8,1982,Comedy
Spy,21.5,6.8,5530,Action
Bombshell,14.6,6.8,2659,Drama
The King's Man,97.3,6.8,3679,Action
Now You See Me 2,39.2,6.8,9928,Crime
Margin Call,15.3,6.8,1519,Thriller
Step Up 3D,22.5,6.8,1764,Drama
The Ghost Writer,16.8,6.8,1957,Thriller
Hard Candy,17.2,6.8,2272,Drama
The Grinch,44.7,6.8,3295,Animation
Any Given Sunday,14.7,6.8,1452,Drama
Holes,23.9,6.8,1186,Adventure
Payback,19.5,6.8,1556,Crime
Armageddon,36.2,6.8,7105,Action
Jumanji: Welcome to the Jungle,50.3,6.8,12477,Adventure
Asterix: The Mansions of the Gods,20.5,6.8,1184,Animation
Chronicle,29.2,6.8,4748,Science Fiction
Death Proof,19.4,6.8,4519,Action
The Mule,21.2,6.8,4463,Crime
Spaceballs,21.9,6.8,2563,Comedy
The Descendants,12.5,6.8,2459,Comedy
Defiance,17.8,6.8,1547,Action
Can You Ever Forgive Me?,11.4,6.8,1138,Drama
Bone Tomahawk,15.0,6.8,1855,Western
Sister Act,18.8,6.8,2818,Music
Outlaw King,19.6,6.8,1371,Action
Below Her Mouth,58.8,6.8,1038,Drama
Project X,64.3,6.8,5632,Comedy
Easy A,21.9,6.8,6339,Comedy
Brick,10.9,6.8,1069,Drama
Lemony Snicket's A Series of Unfortunate Events,22.5,6.8,4591,Adventure
The Bank Job,17.2,6.8,1980,Thriller
Winter's Bone,12.0,6.8,1551,Drama
Dragon Ball Z: Resurrection 'F',107.2,6.8,1637,Action
Babysitting,11.4,6.8,1772,Comedy
Fast & Furious 6,18.9,6.8,9768,Action
Non-Stop,21.4,6.8,4853,Action
Samaritan,118.4,6.8,1632,Action
Everest,23.0,6.8,4451,Adventure
Kiss of the Dragon,22.9,6.8,1015,Action
Miss Peregrine's Home for Peculiar Children,68.2,6.8,9192,Fantasy
A Monster in Paris,20.2,6.8,1122,Adventure
Rango,49.4,6.8,5781,Animation
The Edge,20.3,6.8,1018,Action
Dredd,22.4,6.8,4510,Action
Hidalgo,21.3,6.8,1050,Western
Tears of the Sun,36.4,6.8,1967,War
Beast,174.6,6.8,1088,Thriller
We're the Millers,37.3,6.8,8081,Comedy
Vanilla Sky,17.9,6.8,3646,Mystery
Flight,28.7,6.8,5425,Drama
Peninsula,35.8,6.8,2097,Horror
Look Who's Back,11.9,6.8,1617,Comedy
A Scanner Darkly,13.6,6.8,1517,Animation
The Call,23.4,6.8,2661,Crime
Seven Psychopaths,13.9,6.8,3478,Comedy
The Power of the Dog,24.6,6.8,2279,Drama
The Hunger Games: Mockingjay - Part 1,117.8,6.8,14361,Science Fiction
World War Z,80.9,6.8,14024,Action
Eden Lake,18.6,6.8,1497,Horror
Enchanted,35.7,6.8,4954,Comedy
Fast Times at Ridgemont High,14.9,6.8,1060,Comedy
The Wedding Date,16.9,6.8,1056,Comedy
Dragon Ball Z: Battle of Gods,78.3,6.8,1347,Animation
The DUFF,20.8,6.8,4152,Romance
Cinderella,68.7,6.8,6538,Romance
Safety Not Guaranteed,8.6,6.8,1258,Comedy
Primer,41.8,6.8,1872,Science Fiction
Lock Up,18.2,6.8,1034,Action
Romeo + Juliet,22.6,6.8,4552,Drama
Underworld,34.6,6.8,5554,Fantasy
Blue Ruin,8.8,6.8,1293,Crime
Secretary,28.3,6.8,1350,Comedy
Vicky Cristina Barcelona,16.6,6.8,3356,Drama
Red Notice,99.7,6.8,4833,Action
Napoleon Dynamite,11.3,6.8,1598,Comedy
Cube,17.4,6.8,4172,Thriller
The World's End,17.0,6.8,4830,Comedy
Scrooged,15.6,6.8,1293,Fantasy
Smallfoot,19.3,6.8,1368,Family
Cruel Intentions,18.6,6.8,2834,Drama
Sixteen Candles,18.4,6.8,1869,Comedy
The Water Diviner,12.7,6.8,1111,War
Hotel Transylvania 2,38.7,6.8,5200,Animation
State of Play,22.2,6.8,1693,Thriller
A Lot Like Love,12.3,6.8,1167,Comedy
X,157.9,6.8,1916,Horror
The Unbearable Weight of Massive Talent,84.6,6.8,1238,Action
Shazam! Fury of the Gods,3476.9,6.8,1499,Action
Tully,9.3,6.8,1283,Comedy
Bad Boys,31.4,6.8,5591,Action
Conan the Barbarian,45.9,6.8,2125,Adventure
She's the Man,21.6,6.8,2676,Comedy
The Square,10.0,6.8,1335,Drama
Legend of the Guardians: The Owls of Ga'Hoole,22.9,6.8,2048,Animation
Allied,22.5,6.8,4164,Action
The Wedding Singer,16.3,6.8,1516,Romance
Cop Land,13.9,6.8,1325,Action
Black Mirror: Bandersnatch,13.2,6.8,3567,Science Fiction
Leave No Trace,14.9,6.8,1041,Drama
The Book of Eli,29.5,6.8,5485,Action
Home,44.9,6.8,3586,Fantasy
Chappie,54.0,6.8,7271,Crime
Star Trek Beyond,50.8,6.8,6064,Action
Battle of the Sexes,11.1,6.8,1684,Comedy
Kickboxer,25.1,6.8,1182,Action
The Bone Collector,20.2,6.8,3057,Drama
Ali,14.5,6.8,1498,Drama
Chasing Amy,10.4,6.8,1200,Comedy
The Last Boy Scout,26.3,6.8,1600,Action
Mallrats,13.3,6.8,1070,Romance
Bloodshot,34.9,6.8,4577,Action
Nymphomaniac: Vol. II,46.7,6.8,2605,Drama
Let Me In,13.7,6.8,1807,Drama
The Naked Gun 2½: The Smell of Fear,22.4,6.8,1884,Comedy
Hannibal,7.1,6.8,4167,Crime
The Spy Who Loved Me,16.7,6.8,1684,Adventure
The Drop,21.7,6.8,1934,Drama
Thor,85.3,6.8,19562,Adventure
Michael Clayton,12.5,6.8,1472,Drama
Orphan: First Kill,148.3,6.8,1684,Horror
21 Bridges,24.5,6.8,1706,Crime
A Serious Man,12.2,6.8,1810,Comedy
Smile,279.0,6.8,1976,Horror
Den of Thieves,39.1,6.8,2522,Action
Demolition,13.7,6.8,1897,Comedy
Arthur Christmas,18.2,6.8,1273,Drama
The Rescuers,18.6,6.8,2229,Fantasy
Transformers,24.3,6.8,10078,Adventure
Death Becomes Her,18.2,6.8,2278,Comedy
Fantastic Beasts: The Secrets of Dumbledore,156.5,6.8,3515,Fantasy
Four Weddings and a Funeral,15.8,6.8,2351,Comedy
Steve Jobs,12.4,6.8,3807,Drama
Mank,11.4,6.8,1384,Drama
The Little Rascals,33.1,6.8,1053,Romance
The Italian Job,22.0,6.8,4948,Action
Sun in Buckets,5.5,6.8,1570,Comedy
Super 8,28.5,6.8,6064,Thriller
District B13,18.3,6.8,1625,Action
City of Angels,20.9,6.8,1873,Romance
We Bought a Zoo,16.2,6.8,2434,Drama
Judy,11.9,6.8,1055,Drama
Four Brothers,18.5,6.8,1839,Action
Blade,37.8,6.8,5260,Horror
High Tension,13.2,6.8,1107,Horror
Fallen,14.6,6.8,1195,Crime
Never Back Down,35.7,6.8,2087,Drama
The Family Man,13.8,6.8,1680,Comedy
The Devil's Rejects,14.9,6.8,1229,Drama
Hellboy II: The Golden Army,21.7,6.8,4637,Fantasy
The Good Dinosaur,77.9,6.7,4997,Adventure
Bridget Jones's Diary,17.4,6.7,4486,Comedy
Panic Room,18.5,6.7,4375,Crime
Borat: Cultural Learnings of America for Make Benefit Glorious Nation of Kazakhstan,16.0,6.7,4777,Comedy
The Autopsy of Jane Doe,64.4,6.7,3676,Horror
Far and Away,16.3,6.7,1069,Adventure
How to Lose a Guy in 10 Days,20.9,6.7,3358,Comedy
Westworld,14.1,6.7,1108,Adventure
Romancing the Stone,19.6,6.7,1575,Adventure
In the Heart of the Sea,20.0,6.7,3718,Thriller
The Craft,21.0,6.7,1605,Horror
How the Grinch Stole Christmas,49.7,6.7,6534,Family
The Highwaymen,18.6,6.7,1753,Crime
Chicken Run,39.1,6.7,4348,Animation
The Firm,18.2,6.7,1727,Drama
Fear Street: 1994,42.8,6.7,1897,Mystery
Legally Blonde,27.3,6.7,3467,Comedy
Scanners,11.3,6.7,1000,Science Fiction
Penelope,10.0,6.7,1275,Fantasy
Hush,13.7,6.7,4213,Horror
Wild Child,23.1,6.7,1714,Comedy
Superman II,25.2,6.7,1991,Science Fiction
The 'Burbs,14.0,6.7,1039,Comedy
Anna Karenina,14.9,6.7,2101,Drama
Oliver Twist,11.8,6.7,1067,Crime
Scream,275.2,6.7,2386,Horror
Long Shot,15.9,6.7,2370,Comedy
Troll,317.2,6.7,1372,Fantasy
Mr. Peabody & Sherman,19.5,6.7,2128,Animation
The Tree of Life,16.4,6.7,2762,Drama
Ambulance,65.6,6.7,1530,Thriller
Logan Lucky,18.3,6.7,3120,Comedy
Unthinkable,14.6,6.7,1024,Drama
The Adjustment Bureau,17.5,6.7,4057,Science Fiction
Hitman's Wife's Bodyguard,31.6,6.7,1850,Action
Maze Runner: The Scorch Trials,47.0,6.7,9448,Science Fiction
Ice Age: Dawn of the Dinosaurs,72.9,6.7,7448,Animation
Practical Magic,13.0,6.7,1269,Romance
Exam,13.3,6.7,1791,Thriller
Reminiscence,18.6,6.7,1466,Mystery
Fractured,36.9,6.7,2122,Thriller
We Are Your Friends,18.7,6.7,2125,Drama
What If,28.7,6.7,1799,Drama
Oliver & Company,15.9,6.7,1386,Animation
Saturday Night Fever,21.9,6.7,1677,Music
Confessions of a Dangerous Mind,10.3,6.7,1001,Comedy
Those Who Wish Me Dead,33.3,6.7,1333,Thriller
Free State of Jones,12.0,6.7,1330,Action
Escape Plan,24.4,6.7,4649,Action
13 Going on 30,25.3,6.7,4585,Comedy
The Da Vinci Code,33.8,6.7,8440,Thriller
Motherless Brooklyn,17.2,6.7,1267,Drama
An American Tail,13.6,6.7,1180,Drama
Elizabeth: The Golden Age,21.1,6.7,1104,Drama
Welcome to the South,6.6,6.7,1704,Comedy
Before We Go,14.7,6.7,1628,Comedy
Rio,62.9,6.7,6002,Animation
The Thomas Crown Affair,12.3,6.7,1000,Drama
Con Air,31.4,6.7,3616,Action
Sleepless in Seattle,17.2,6.7,2025,Comedy
The Girl Next Door,34.2,6.7,3042,Comedy
Yesterday,17.2,6.7,3516,Comedy
Bumblebee,46.8,6.7,5399,Action
Ocean's Thirteen,20.5,6.7,5683,Crime
All Eyez on Me,15.4,6.7,1082,Drama
Cado dalle nubi,7.0,6.7,1535,Comedy
Tenacious D in The Pick of Destiny,22.4,6.7,1371,Comedy
Peppermint,19.6,6.7,1829,Action
Anchorman: The Legend of Ron Burgundy,15.3,6.7,3690,Comedy
Mission: Impossible III,35.1,6.7,5847,Adventure
Murder on the Orient Express,24.6,6.7,8996,Drama
Troll Hunter,16.2,6.7,1399,Fantasy
Peter Rabbit,18.7,6.7,1564,Animation
The Polar Express,31.0,6.7,5530,Animation
Fifty Shades Freed,136.3,6.7,7339,Drama
The Matrix Revolutions,30.3,6.7,8828,Adventure
Dora and the Lost City of Gold,27.2,6.7,1513,Adventure
Paul,38.2,6.7,5143,Adventure
RED,31.7,6.7,6055,Action
Brotherhood of the Wolf,17.2,6.7,1299,Adventure
The Wave,21.9,6.7,1137,Thriller
Overlord,25.6,6.7,2536,Horror
Home Alone 2: Lost in New York,42.6,6.7,8431,Comedy
Bruce Almighty,36.5,6.7,9768,Fantasy
Rush Hour 2,45.7,6.7,3526,Action
Angels & Demons,36.1,6.7,6214,Thriller
The Unholy,81.9,6.7,1861,Horror
Sweet Girl,41.1,6.7,1051,Action
Tag,23.9,6.7,2768,Comedy
Wayne's World,11.3,6.7,1943,Comedy
Lethal Weapon 3,20.1,6.7,2526,Adventure
The Gift,18.0,6.7,2903,Thriller
Team America: World Police,11.5,6.7,1615,Adventure
The Ice Age Adventures of Buck Wild,131.2,6.7,1495,Animation
Project Almanac,31.4,6.7,2302,Science Fiction
Another Earth,11.8,6.7,1422,Drama
The Score,16.8,6.7,1419,Action
Step Up 2: The Streets,29.2,6.7,2099,Music
21,25.6,6.7,4186,Drama
Stuber,17.1,6.7,1139,Action
Mad Max,32.5,6.7,3753,Adventure
The Lion Guard: Return of the Roar,32.1,6.7,1188,Family
We Own the Night,11.1,6.7,1184,Drama
Green Room,14.1,6.7,2400,Horror
Julie & Julia,14.1,6.7,1883,Romance
A Good Year,15.2,6.7,1317,Comedy
From Hell,23.1,6.7,2494,Horror
The Amazing Spider-Man,93.6,6.7,15946,Action
The Fog,18.0,6.7,1278,Horror
Ma Rainey's Black Bottom,10.8,6.7,1028,Drama
The Transporter,32.1,6.7,4719,Action
I Am Mother,15.8,6.7,2256,Science Fiction
Ice Age: The Meltdown,53.8,6.7,8854,Animation
Anna,28.1,6.7,2333,Thriller
Disturbia,18.6,6.7,3149,Thriller
Glass,54.6,6.7,7544,Thriller
Going in Style,18.2,6.7,2486,Crime
Goodnight Mommy,19.3,6.7,1390,Horror
Jurassic World,79.9,6.7,19029,Action
Kate,26.0,6.7,1257,Action
Serial (Bad) Weddings,11.9,6.7,3194,Comedy
Trolls,46.2,6.7,3217,Family
Tron,16.5,6.7,1964,Science Fiction
Public Enemies,35.4,6.7,4012,Action
The Lego Movie 2: The Second Part,22.1,6.7,1869,Action
The Equalizer 2,75.4,6.7,4392,Action
My Week with Marilyn,12.4,6.7,1178,Drama
Just Go with It,54.2,6.7,5103,Comedy
The Princess Diaries 2: Royal Engagement,31.8,6.7,2941,Comedy
Mr. & Mrs. Smith,32.6,6.7,9300,Action
Godzilla: King of the Monsters,79.7,6.7,5320,Science Fiction
Elle,12.0,6.7,1655,Drama
Welcome to the Sticks,13.4,6.7,2227,Comedy
Patriot Games,18.0,6.7,1384,Drama
Better Watch Out,13.9,6.7,1279,Comedy
Signs,23.9,6.7,4954,Drama
Out of Sight,12.7,6.7,1076,Romance
A Nightmare on Elm Street 3: Dream Warriors,12.3,6.7,1492,Horror
Demolition Man,25.6,6.7,3187,Crime
48 Hrs.,15.8,6.7,1253,Thriller
Meet the Parents,19.1,6.7,5355,Comedy
Antichrist,20.7,6.7,2256,Drama
Fast & Furious,28.8,6.7,6444,Action
Insidious: Chapter 2,54.1,6.7,3724,Horror
The Ides of March,11.7,6.7,2189,Drama
The Kingdom,15.8,6.7,1409,Thriller
The Bodyguard,25.8,6.7,2567,Thriller
Pig,13.0,6.7,1028,Drama
Child's Play,51.6,6.7,2515,Horror
You've Got Mail,18.0,6.7,2870,Comedy
Monster Hunter,89.7,6.7,2885,Action
Cloverfield,26.4,6.7,6338,Action
1408,30.4,6.7,3835,Horror
Footloose,22.7,6.7,1767,Drama
Unknown,32.9,6.7,3467,Action
The Boxtrolls,22.6,6.7,1509,Animation
Marie Antoinette,19.3,6.7,2392,Drama
Florence Foster Jenkins,11.2,6.7,1350,Comedy
Dolittle,39.6,6.7,3265,Family
The Hitchhiker's Guide to the Galaxy,18.9,6.7,3480,Adventure
The Hunt,35.0,6.7,2702,Action
Stir of Echoes,11.6,6.7,1043,Horror
Overboard,21.7,6.7,1250,Romance
Stoker,12.3,6.7,2023,Drama
Yes Man,32.7,6.7,6154,Comedy
Police Academy,30.5,6.7,2310,Comedy
Hairspray,16.7,6.7,2303,Comedy
Hellboy,31.3,6.7,6218,Fantasy
The Purge: Anarchy,46.1,6.7,5909,Horror
Foxcatcher,9.4,6.7,2072,Drama
The Island,22.2,6.7,4844,Action
Friends with Benefits,37.2,6.7,7246,Romance
22 Bullets,24.6,6.7,1077,Drama
Monster House,43.1,6.7,3504,Animation
Escape Room: Tournament of Champions,33.6,6.7,1531,Horror
"As Above, So Below",35.8,6.7,2979,Horror
Ransom,29.1,6.7,1607,Action
Dumbo,28.2,6.7,3992,Family
Heartbreaker,8.7,6.7,1219,Romance
Brother Bear 2,32.5,6.7,1321,Adventure
About a Boy,11.7,6.7,1987,Drama
Chaos Walking,26.9,6.7,2009,Fantasy
Jolt,38.5,6.7,1068,Action
The 13th Warrior,26.1,6.7,1589,Adventure
The Muppets,22.2,6.6,1383,Comedy
One Hour Photo,11.3,6.6,1477,Drama
The Ring,31.0,6.6,5503,Horror
He's All That,31.6,6.6,1168,Comedy
Backdraft,14.7,6.6,1206,Crime
The Lost City,160.5,6.6,2724,Action
Liar Liar,22.5,6.6,4969,Comedy
Always Be My Maybe,15.7,6.6,1214,Romance
Pirates of the Caribbean: Dead Men Tell No Tales,73.8,6.6,10885,Adventure
Commando,29.6,6.6,2411,Action
Elf,15.5,6.6,3506,Comedy
Taxi,17.4,6.6,2139,Comedy
The Other Boleyn Girl,21.4,6.6,1818,Drama
The Infiltrator,14.8,6.6,1503,Crime
Nanny McPhee,30.8,6.6,2720,Fantasy
The Words,8.9,6.6,1026,Drama
Princess Protection Program,24.5,6.6,1583,Family
Thunderball,22.6,6.6,1988,Adventure
I Care a Lot,20.2,6.6,2308,Comedy
Crimson Peak,17.7,6.6,4553,Horror
Happy Death Day,23.2,6.6,5581,Horror
Planet Terror,27.2,6.6,3062,Horror
The Spectacular Now,17.9,6.6,2641,Comedy
Three Kings,13.8,6.6,1796,Action
The Brand New Testament,9.1,6.6,1455,Comedy
Rambo,60.8,6.6,3405,Action
House of Gucci,29.5,6.6,2591,Drama
The Mountain Between Us,28.4,6.6,2139,Drama
Contagion,22.6,6.6,5511,Drama
The Rescuers Down Under,5.7,6.6,1104,Animation
A Simple Favor,15.8,6.6,3776,Crime
A Christmas Prince,11.0,6.6,1354,Romance
Storks,27.3,6.6,2092,Adventure
Trance,13.0,6.6,1982,Thriller
Alpha Dog,11.0,6.6,1215,Crime
Burn After Reading,15.9,6.6,4116,Comedy
Valerian and the City of a Thousand Planets,46.2,6.6,6798,Adventure
Pineapple Express,18.1,6.6,3347,Action
The Guest,19.9,6.6,1702,Mystery
All Is Lost,13.4,6.6,1449,Action
Unfaithful,30.1,6.6,1314,Thriller
Street Kings,21.5,6.6,1258,Action
Something's Gotta Give,13.5,6.6,1395,Drama
The Addams Family,41.6,6.6,2038,Family
Crank,25.9,6.6,3264,Action
Tinker Tailor Soldier Spy,15.0,6.6,2310,Drama
Buried,12.9,6.6,2509,Drama
Alice in Wonderland,59.5,6.6,12847,Family
Tropic Thunder,26.2,6.6,5398,Action
Popstar: Never Stop Never Stopping,12.2,6.6,1097,Comedy
Body of Lies,19.1,6.6,2662,Action
White Men Can't Jump,15.4,6.6,1111,Comedy
Wizards of Waverly Place: The Movie,19.0,6.6,1294,Family
The Man in the Iron Mask,19.4,6.6,3459,Adventure
The Spiderwick Chronicles,28.1,6.6,2351,Family
Lilo & Stitch 2: Stitch Has a Glitch,24.5,6.6,1239,Animation
Rambo: First Blood Part II,44.9,6.6,3356,Action
Star Trek III: The Search for Spock,11.9,6.6,1170,Science Fiction
The Chronicles of Narnia: Prince Caspian,44.3,6.6,5748,Adventure
Teenage Mutant Ninja Turtles,32.1,6.6,1478,Science Fiction
Infinite,78.4,6.6,1379,Science Fiction
You're Next,17.9,6.6,2210,Horror
Oblivion,31.6,6.6,9798,Action
Cocoon,14.3,6.6,1102,Comedy
Clear and Present Danger,20.7,6.6,1264,Action
Wasabi,16.8,6.6,1106,Drama
The Pelican Brief,21.8,6.6,1323,Mystery
My Best Friend's Wedding,12.6,6.6,2320,Comedy
The Long Kiss Goodnight,14.6,6.6,1014,Crime
Happy Gilmore,17.1,6.6,2299,Comedy
Jarhead,27.8,6.6,2522,Drama
The Forbidden Kingdom,20.4,6.6,1489,Action
A Most Violent Year,16.4,6.6,1275,Crime
Man of Steel,60.4,6.6,13972,Action
Resident Evil,24.0,6.6,5625,Horror
The Party,12.6,6.6,1019,Drama
Batman: The Killing Joke,21.3,6.6,1623,Action
The Skeleton Key,13.7,6.6,1839,Drama
Oxygen,16.0,6.6,1192,Science Fiction
Gold,16.7,6.6,1434,Adventure
Cloudy with a Chance of Meatballs,42.3,6.6,5292,Animation
The Longest Yard,30.6,6.6,2935,Comedy
The Heat,34.4,6.6,3626,Action
Hannah Montana: The Movie,23.2,6.6,1865,Comedy
[REC]²,17.4,6.6,1751,Thriller
Footloose,23.0,6.6,1521,Drama
Girl with a Pearl Earring,12.4,6.6,1223,Drama
I'm Thinking of Ending Things,15.5,6.6,1628,Drama
Colombiana,32.3,6.6,2287,Action
Dumb and Dumber,34.0,6.6,5439,Comedy
National Treasure,35.7,6.6,5673,Adventure
Annabelle: Creation,60.5,6.6,5102,Horror
Madagascar 3: Europe's Most Wanted,54.7,6.6,5514,Animation
The Cabin in the Woods,38.0,6.6,7078,Horror
Candyman,16.1,6.6,1360,Drama
Freaky,21.4,6.6,1314,Comedy
Live Free or Die Hard,27.8,6.6,5210,Action
Conspiracy Theory,11.4,6.6,1252,Action
Sliding Doors,13.3,6.6,1149,Comedy
When We First Met,13.5,6.6,2149,Comedy
Bad Boys II,32.7,6.6,4792,Adventure
Greta,21.0,6.6,1148,Mystery
Pinocchio,22.3,6.6,1395,Drama
The Finest Hours,16.8,6.6,1459,Action
Jack Reacher,105.2,6.6,6282,Crime
Pet Sematary,40.0,6.6,1860,Horror
Alex Strangelove,11.1,6.6,1463,Comedy
Scoop,9.4,6.6,1457,Comedy
Mine,16.7,6.6,1180,War
Ender's Game,20.1,6.6,5292,Science Fiction
Thor: Love and Thunder,363.7,6.6,5895,Fantasy
Mary Queen of Scots,18.9,6.6,1640,Drama
"Me, Myself & Irene",23.0,6.6,3377,Comedy
The Kids Are All Right,9.1,6.6,1324,Comedy
Thirteen,21.0,6.6,1399,Drama
28 Weeks Later,22.5,6.6,3729,Horror
Stay,11.6,6.6,1115,Mystery
Side Effects,12.3,6.6,2801,Thriller
Super,20.7,6.6,1323,Comedy
Risky Business,16.5,6.6,1096,Romance
There's Something About Mary,23.2,6.6,4453,Romance
The Green Knight,17.9,6.6,1489,Adventure
On Her Majesty's Secret Service,20.5,6.6,1601,Adventure
Welcome to Marwen,9.9,6.6,1043,Comedy
Robin Hood: Men in Tights,19.6,6.6,1797,Comedy
Ant-Man and the Wasp: Quantumania,6051.0,6.6,2271,Action
Jungle,26.4,6.6,1696,Adventure
Inherent Vice,16.3,6.6,2250,Drama
Out of the Furnace,13.9,6.6,1728,Thriller
Australia,14.4,6.6,2068,Adventure
Final Destination,47.7,6.6,4880,Horror
Hanna,14.7,6.6,3034,Action
Lethal Weapon 4,22.1,6.6,2306,Action
The Art of Getting By,8.8,6.6,1205,Drama
Old School,20.6,6.6,1563,Comedy
Secret Window,18.1,6.6,3247,Mystery
Funny Games,13.1,6.6,1797,Thriller
Sex and the City,43.6,6.6,1926,Comedy
Snake Eyes: G.I. Joe Origins,62.2,6.6,1326,Action
Terrifier,74.7,6.6,1511,Horror
High School Musical 3: Senior Year,23.0,6.6,3234,Comedy
High School Musical,21.7,6.6,4244,Comedy
Cry-Baby,14.6,6.6,1371,Comedy
Night at the Museum,29.0,6.6,9275,Action
The Lion King 1½,45.2,6.6,2705,Family
The Collector,16.5,6.6,1275,Horror
Monte Carlo,16.4,6.6,1940,Adventure
Nothing to Hide,9.4,6.6,1232,Drama
Solo: A Star Wars Story,41.9,6.6,7673,Science Fiction
Horrible Bosses,24.7,6.6,5795,Comedy
Underworld: Evolution,31.7,6.6,3611,Fantasy
This Is Where I Leave You,15.3,6.6,1163,Drama
Ocean's Twelve,24.0,6.6,6512,Thriller
Tales from Earthsea,15.5,6.6,1152,Animation
It Follows,30.1,6.6,5728,Horror
American Pie,55.1,6.6,6933,Comedy
Save the Last Dance,12.8,6.6,1162,Drama
The Grey,37.9,6.6,3464,Drama
Halloween II,21.1,6.6,1725,Horror
Shaft,20.3,6.6,1524,Action
Angel Has Fallen,41.4,6.6,3037,Action
Pitch Perfect 3,26.1,6.6,3062,Comedy
Short Circuit,16.6,6.6,1283,Comedy
Seeking a Friend for the End of the World,14.5,6.6,1838,Comedy
Saw II,39.5,6.6,4607,Horror
Step Brothers,21.2,6.6,2744,Comedy
James and the Giant Peach,19.0,6.6,1152,Adventure
Unstoppable,24.6,6.6,3111,Action
You Only Live Twice,23.3,6.6,1865,Action
Jurassic World: Fallen Kingdom,68.7,6.5,10133,Action
Alice Through the Looking Glass,46.7,6.5,5875,Adventure
EuroTrip,22.9,6.5,2201,Comedy
Star Wars: Episode II - Attack of the Clones,40.0,6.5,11939,Adventure
You Were Never Really Here,20.3,6.5,2481,Crime
Pandorum,15.6,6.5,2073,Action
Hitch,22.4,6.5,5212,Comedy
Austin Powers: International Man of Mystery,23.2,6.5,2967,Science Fiction
The Giver,15.2,6.5,4161,Drama
Thor: The Dark World,64.6,6.5,15966,Action
Falling Inn Love,16.8,6.5,1073,Romance
Halloween Kills,56.1,6.5,2252,Horror
"I Love You, Man",15.5,6.5,1477,Comedy
Hot Shots!,26.3,6.5,1861,Action
The Mask of Zorro,25.0,6.5,3588,Action
No Reservations,12.4,6.5,1105,Comedy
Jarhead: Law of Return,22.2,6.5,3296,War
Halloween,34.2,6.5,4225,Horror
Ninja Assassin,59.1,6.5,1310,Action
Weird Science,17.0,6.5,1198,Comedy
Silent Hill,32.1,6.5,3740,Horror
The Neon Demon,19.3,6.5,3431,Thriller
Ace Ventura: Pet Detective,31.0,6.5,5129,Comedy
Escape Room,34.1,6.5,4131,Horror
Hot Shots! Part Deux,25.4,6.5,1612,Action
Charlie Wilson's War,13.7,6.5,1278,Comedy
The Girl with All the Gifts,39.1,6.5,1781,Action
Irrational Man,10.9,6.5,2209,Drama
Slayers Return,7.3,6.5,1756,Animation
Spenser Confidential,20.5,6.5,2027,Comedy
Dan in Real Life,8.9,6.5,1040,Comedy
Get the Gringo,20.5,6.5,1434,Action
The Exorcism of Emily Rose,40.9,6.5,2464,Crime
King Arthur: Legend of the Sword,34.4,6.5,5208,Action
Cinderella III: A Twist in Time,37.2,6.5,1116,Animation
Outbreak,22.0,6.5,1978,Action
Ghostbusters II,24.1,6.5,3795,Comedy
Red Sparrow,28.2,6.5,5475,Mystery
Pirates of the Caribbean: On Stranger Tides,111.0,6.5,12802,Adventure
Bridesmaids,17.6,6.5,4003,Comedy
DragonHeart,14.9,6.5,1775,Fantasy
The Matrix Resurrections,102.2,6.5,4719,Science Fiction
Spectre,38.2,6.5,9671,Action
2 Guns,24.9,6.5,3716,Action
I Don't Feel at Home in This World Anymore,10.9,6.5,1149,Thriller
What a Beautiful Day,5.8,6.5,1411,Comedy
LOL (Laughing Out Loud),7.4,6.5,1204,Comedy
High School Musical 2,18.4,6.5,3463,Comedy
The Lost World: Jurassic Park,1.8,6.5,7492,Adventure
Dinosaur,53.7,6.5,2221,Family
Star Wars: Episode I - The Phantom Menace,46.0,6.5,13159,Adventure
The Karate Kid,56.9,6.5,5390,Action
Double Jeopardy,17.8,6.5,1107,Thriller
Puss in Boots,71.5,6.5,3340,Comedy
Blindness,10.7,6.5,1134,Drama
A Cinderella Story,23.2,6.5,2927,Comedy
Prometheus,50.5,6.5,10946,Science Fiction
RED 2,31.9,6.5,3648,Action
Event Horizon,22.5,6.5,2406,Horror
Over the Hedge,33.9,6.5,3970,Family
Coming 2 America,26.9,6.5,1965,Comedy
The Quick and the Dead,20.4,6.5,1482,Western
Hitchcock,8.7,6.5,1349,Drama
Bad Santa,11.8,6.5,1857,Drama
The Witches of Eastwick,14.3,6.5,1206,Comedy
Star Trek: Generations,11.2,6.5,1135,Science Fiction
Honest Thief,27.0,6.5,1460,Thriller
It's Complicated,13.7,6.5,1239,Comedy
Mary Poppins Returns,21.5,6.5,3021,Fantasy
Flashdance,23.1,6.5,1265,Drama
The Babadook,32.4,6.5,5475,Drama
Miss Congeniality,17.7,6.5,3448,Comedy
Penguins of Madagascar,70.5,6.5,3696,Family
X-Men: Apocalypse,48.4,6.5,11947,Action
Return,6.0,6.5,1270,Drama
Killer Joe,11.2,6.5,1238,Crime
Blade II,27.5,6.5,4184,Fantasy
The Running Man,14.7,6.5,1983,Action
Rambo: Last Blood,56.6,6.5,3386,Action
Joy,14.7,6.5,3761,Drama
Charlie's Angels,30.0,6.5,2670,Action
Kong: Skull Island,50.8,6.5,9482,Action
Small Soldiers,15.1,6.5,1874,Comedy
Harold & Kumar Go to White Castle,15.0,6.5,1809,Comedy
He's Just Not That Into You,26.3,6.5,3287,Comedy
Time Lapse,9.8,6.5,1086,Thriller
I Spit on Your Grave,43.7,6.5,1959,Thriller
Wanted,26.3,6.5,6392,Action
For Your Eyes Only,19.9,6.5,1588,Adventure
Project Power,17.1,6.5,2541,Action
MouseHunt,17.6,6.5,1102,Comedy
The Chronicles of Riddick,16.9,6.5,3592,Action
Scary Stories to Tell in the Dark,24.2,6.5,2334,Horror
What's Your Number?,16.0,6.5,2125,Comedy
Men in Black 3,45.6,6.5,9423,Action
The Day After Tomorrow,25.4,6.5,7196,Action
Star Trek: The Motion Picture,20.6,6.5,1493,Science Fiction
Bad Moms,16.4,6.5,3808,Comedy
The Faculty,18.7,6.5,1683,Horror
Slither,16.4,6.5,1293,Horror
The Perfection,12.1,6.5,1194,Horror
A Rainy Day in New York,1.5,6.5,2009,Comedy
Mowgli: Legend of the Jungle,24.3,6.5,2329,Adventure
Before I Go to Sleep,19.0,6.5,1818,Thriller
Evil Dead,251.3,6.5,4041,Horror
Wonder Woman 1984,80.4,6.5,7573,Action
Fifty Shades Darker,78.8,6.5,7147,Drama
Burnt,16.7,6.5,3033,Drama
A Perfect Murder,20.0,6.5,1188,Crime
Epic,48.3,6.5,2479,Animation
The Ugly Truth,28.0,6.5,3208,Comedy
Scouts Guide to the Zombie Apocalypse,43.6,6.5,1673,Comedy
Elysium,32.6,6.5,8019,Science Fiction
Mulan II,38.0,6.5,2110,Animation
The Living Daylights,20.5,6.5,1506,Action
War of the Worlds,66.8,6.5,7478,Adventure
Alibi.com,11.7,6.5,1521,Comedy
Hustlers,22.2,6.5,2690,Drama
Before I Wake,21.5,6.5,1679,Drama
Return to Never Land,26.9,6.5,2169,Adventure
Underworld: Rise of the Lycans,38.2,6.5,3234,Fantasy
Kiss the Girls,16.7,6.5,1296,Thriller
Role Models,15.0,6.5,1654,Comedy
All the Money in the World,14.4,6.5,2049,Thriller
Widows,19.0,6.5,2081,Crime
Magic in the Moonlight,13.1,6.5,1928,Comedy
The Amazing Spider-Man 2,107.3,6.5,11949,Action
Rio 2,45.9,6.5,3072,Adventure
Horton Hears a Who!,34.0,6.5,2929,Animation
Alpha,30.2,6.5,2340,Adventure
My Big Fat Greek Wedding,12.3,6.5,1892,Comedy
Smokin' Aces,14.9,6.5,1435,Action
Macbeth,11.5,6.5,1335,Drama
The Invitation,15.0,6.5,2301,Thriller
Awake,16.3,6.5,1207,Thriller
Bolt,52.8,6.5,5403,Animation
Joy Ride,27.0,6.5,1011,Mystery
Pinocchio,81.0,6.5,1356,Fantasy
Forgetting Sarah Marshall,16.8,6.5,3025,Comedy
A Most Wanted Man,12.0,6.5,1191,Thriller
Madagascar: Escape 2 Africa,65.0,6.5,6181,Family
The Twilight Saga: Breaking Dawn - Part 2,66.4,6.5,8185,Adventure
Flatliners,15.5,6.5,1330,Drama
Live and Let Die,15.3,6.5,1745,Adventure
Borat Subsequent Moviefilm,19.1,6.5,2165,Comedy
U.S. Marshals,15.7,6.5,1367,Thriller
Death on the Nile,59.8,6.5,2754,Mystery
The Mechanic,34.1,6.5,2828,Action
Where the Wild Things Are,28.0,6.5,1648,Family
Analyze This,13.8,6.5,1621,Comedy
Mr. Holmes,13.7,6.5,1705,Drama
2 Fast 2 Furious,11.1,6.5,6502,Action
The Wedding Ringer,24.1,6.5,1453,Comedy
The Lorax,46.7,6.5,3014,Animation
The Perfect Date,15.0,6.5,3078,Romance
Ghost Stories,11.4,6.5,1066,Horror
The Sisterhood of the Traveling Pants,12.7,6.5,1180,Drama
Wedding Crashers,20.8,6.5,3948,Comedy
Blue Streak,24.1,6.5,1285,Action
Twister,23.0,6.5,2796,Action
Beverly Hills Cop II,18.7,6.5,2068,Action
The Meyerowitz Stories (New and Selected),10.8,6.5,1059,Comedy
Mr. Right,15.7,6.5,1191,Comedy
Act of Valor,14.6,6.5,1008,Action
Arctic,8.6,6.5,1045,Drama
Assassins,18.4,6.5,1353,Action
Safe,28.4,6.5,2153,Action
"Salò, or the 120 Days of Sodom",55.4,6.5,1692,Drama
Black Mass,24.0,6.5,3043,Drama
Scream 2,89.5,6.5,3459,Horror
Let's Be Cops,29.3,6.5,2524,Comedy
The Hangover Part II,60.5,6.5,9530,Comedy
Cliffhanger,31.1,6.5,2032,Action
The Beach,14.8,6.5,3914,Drama
Guns Akimbo,16.9,6.5,1962,Comedy
The Black Cauldron,20.0,6.5,1080,Animation
The Last House on the Left,20.7,6.5,1529,Crime
Attack the Block,11.6,6.5,1825,Action
The Game Plan,26.8,6.5,1795,Comedy
Nick and Norah's Infinite Playlist,13.7,6.5,1075,Comedy
Bean,16.5,6.5,2151,Comedy
The Knight Before Christmas,15.3,6.5,1000,Comedy
Naked Gun 33⅓: The Final Insult,22.8,6.5,1741,Comedy
Green Zone,14.6,6.5,1959,War
The Ninth Gate,18.3,6.5,2595,Mystery
Café Society,10.4,6.5,2504,Comedy
Terminator: Dark Fate,63.3,6.5,4446,Science Fiction
The Manchurian Candidate,14.2,6.5,1342,Drama
The Boss Baby,17.1,6.5,6542,Animation
The Uninvited,17.6,6.5,1318,Horror
U-571,15.7,6.5,1046,War
Blue Lagoon: The Awakening,28.1,6.5,1270,Drama
Air Force One,20.8,6.5,2573,Action
Mindhunters,14.4,6.5,1028,Mystery
Big Daddy,19.3,6.5,2917,Comedy
Despicable Me 3,38.9,6.5,6415,Action
Love,21.8,6.5,2130,Drama
Jeepers Creepers,50.4,6.5,2597,Horror
Oculus,16.9,6.4,2642,Horror
Cinderella,27.5,6.4,1208,Fantasy
The Rundown,18.8,6.4,1750,Adventure
Money Monster,12.9,6.4,2710,Thriller
Father of the Bride,11.6,6.4,1181,Comedy
The Santa Clause,13.4,6.4,1781,Fantasy
Freaky Friday,28.6,6.4,3343,Comedy
Shoot 'Em Up,20.0,6.4,1643,Action
Jackie,12.5,6.4,2149,Drama
TRON: Legacy,47.2,6.4,6444,Adventure
The Village,19.4,6.4,3647,Drama
Rampage,72.2,6.4,6320,Action
White House Down,34.9,6.4,4303,Action
Annabelle Comes Home,74.8,6.4,3056,Horror
Cloudy with a Chance of Meatballs 2,34.8,6.4,2803,Animation
Confessions of a Shopaholic,29.8,6.4,2417,Comedy
New Nightmare,21.4,6.4,1172,Horror
Young & Beautiful,23.5,6.4,1070,Drama
Flightplan,14.8,6.4,2283,Thriller
Titane,54.0,6.4,1108,Drama
Warm Bodies,18.9,6.4,5648,Horror
Safe House,29.1,6.4,3190,Action
The Little Mermaid II: Return to the Sea,9.9,6.4,1538,Animation
Olaf's Frozen Adventure,19.2,6.4,1337,Animation
She's Out of My League,35.9,6.4,1856,Romance
The Girl on the Train,25.8,6.4,5300,Thriller
The Whole Nine Yards,14.5,6.4,1625,Comedy
The Man with the Golden Gun,20.1,6.4,1740,Adventure
Unhinged,44.7,6.4,1843,Action
The Mortal Instruments: City of Bones,30.5,6.4,4213,Fantasy
Eagle Eye,21.6,6.4,2541,Mystery
G.I. Jane,18.4,6.4,1457,Action
Lucy,56.2,6.4,14849,Action
Eurovision Song Contest: The Story of Fire Saga,13.8,6.4,1214,Comedy
Scream 4,93.6,6.4,3109,Horror
Made of Honor,13.8,6.4,1496,Comedy
The Fast and the Furious: Tokyo Drift,29.8,6.4,5912,Action
Old,53.6,6.4,3573,Thriller
Camp Rock,14.9,6.4,1953,Family
Ella Enchanted,33.7,6.4,1650,Family
I Love You Phillip Morris,11.8,6.4,1450,Comedy
The Perfect Storm,22.5,6.4,1956,Action
Star Trek: Insurrection,18.7,6.4,1035,Science Fiction
Imperium,14.1,6.4,1165,Crime
The Chronicles of Narnia: The Voyage of the Dawn Treader,34.4,6.4,5057,Adventure
Robots,35.0,6.4,4074,Animation
16 Blocks,17.5,6.4,1722,Action
The Loft,28.2,6.4,1315,Thriller
Man on a Ledge,21.4,6.4,2337,Action
Syriana,14.2,6.4,1185,Drama
Two Night Stand,15.0,6.4,1709,Romance
What Women Want,20.3,6.4,3494,Comedy
The Other Woman,21.7,6.4,3282,Comedy
Rush Hour 3,40.7,6.4,2778,Action
Life,27.8,6.4,6626,Horror
Spectral,26.6,6.4,1499,Science Fiction
Revenge,23.2,6.4,1523,Action
The Old Man & the Gun,9.0,6.4,1252,Comedy
Jay and Silent Bob Strike Back,16.0,6.4,1343,Comedy
Dead Silence,42.1,6.4,1993,Horror
The Hills Have Eyes,43.5,6.4,2589,Horror
Bridget Jones's Baby,14.1,6.4,2689,Comedy
Thoroughbreds,10.7,6.4,1011,Drama
Tango & Cash,21.4,6.4,1631,Action
What Lies Beneath,20.6,6.4,1587,Drama
The Spy Who Dumped Me,13.6,6.4,2030,Action
The Gift,16.2,6.4,1018,Horror
The Number 23,15.8,6.4,2886,Thriller
I Feel Pretty,19.7,6.4,1911,Comedy
The Final Girls,12.3,6.4,1109,Comedy
Last Action Hero,22.3,6.4,2332,Adventure
The Guilty,30.1,6.4,2161,Drama
The Magnificent Seven,46.0,6.4,5403,Adventure
Shanghai Noon,18.9,6.4,2222,Adventure
Knock at the Cabin,507.2,6.4,1397,Horror
Roald Dahl's The Witches,65.8,6.4,2497,Adventure
Self/less,24.0,6.4,2806,Science Fiction
Wonder Wheel,13.4,6.4,1224,Drama
X-Men: The Last Stand,1.7,6.4,8737,Adventure
Lady and the Tramp II: Scamp's Adventure,21.6,6.4,1133,Family
Shall We Dance?,12.7,6.4,1078,Drama
Cargo,11.4,6.4,1552,Drama
Central Intelligence,35.6,6.4,5297,Action
27 Dresses,15.8,6.4,2854,Comedy
The Purge: Election Year,35.4,6.4,4796,Action
Run All Night,25.2,6.4,2553,Action
Last Vegas,14.5,6.4,1954,Comedy
Gone in Sixty Seconds,29.1,6.4,3883,Action
Zathura: A Space Adventure,28.7,6.4,2912,Science Fiction
Atomic Blonde,19.9,6.4,5728,Action
Kick-Ass 2,26.7,6.4,5664,Action
Mary Shelley's Frankenstein,13.0,6.4,1063,Drama
American Assassin,22.2,6.4,2700,Action
Solace,32.8,6.4,2013,Thriller
Kronk's New Groove,20.3,6.4,1118,Animation
Annihilation,33.5,6.4,7770,Science Fiction
Ted,56.6,6.4,11246,Comedy
Minions,32.5,6.4,9797,Family
8MM,13.0,6.4,1698,Thriller
The Babysitter: Killer Queen,26.9,6.4,1355,Comedy
Dracula Untold,23.7,6.4,5559,Horror
Salt,31.5,6.4,4977,Action
Music and Lyrics,12.9,6.4,1498,Comedy
Mars Attacks!,20.3,6.4,4864,Comedy
The A-Team,32.4,6.4,4202,Thriller
Outlander,18.7,6.4,1098,Science Fiction
The Wolverine,9.0,6.4,8748,Action
Sweet Home Alabama,17.4,6.4,1346,Comedy
30 Days of Night,19.4,6.4,2412,Horror
Friday the 13th,38.7,6.4,2474,Horror
Second Act,12.9,6.4,1084,Romance
Gerald's Game,18.3,6.4,3259,Horror
Secret in Their Eyes,13.1,6.4,1224,Thriller
Star Wars: The Rise of Skywalker,67.1,6.4,8718,Adventure
Drag Me to Hell,38.2,6.4,3243,Horror
Looney Tunes: Back in Action,19.9,6.4,1351,Animation
Outside the Wire,42.6,6.4,1600,Thriller
Someone Great,12.5,6.4,1105,Comedy
Darkman,10.6,6.4,1133,Action
Gremlins 2: The New Batch,24.0,6.4,2207,Comedy
Tall Girl,19.2,6.4,1737,Comedy
Under the Silver Lake,18.0,6.4,1140,Crime
Arthur and the Invisibles,22.7,6.4,2632,Adventure
The Experiment,28.3,6.4,1079,Thriller
The Iron Lady,11.3,6.4,1554,History
Adventureland,13.8,6.4,1935,Comedy
Spider-Man 3,60.6,6.4,12658,Fantasy
Olympus Has Fallen,43.2,6.4,6059,Action
Robin Hood,41.6,6.4,4127,Action
Aquamarine,17.5,6.4,1338,Fantasy
Revolver,15.8,6.4,1178,Drama
Saw III,34.6,6.4,3853,Horror
Tale of Tales,15.8,6.4,1510,Romance
The Imaginarium of Doctor Parnassus,12.3,6.4,2487,Adventure
District 13: Ultimatum,15.0,6.4,1015,Action
Crocodile Dundee,14.2,6.4,1646,Adventure
The Lost City of Z,21.7,6.4,2563,Adventure
Pete's Dragon,37.5,6.4,2022,Adventure
Diamonds Are Forever,20.0,6.4,1788,Adventure
Vantage Point,13.3,6.4,1818,Drama
Sister Act 2: Back in the Habit,20.8,6.4,1575,Music
Need for Speed,46.8,6.4,3918,Action
Moonfall,127.6,6.4,2388,Science Fiction
Taking Lives,14.3,6.4,1367,Crime
Why Him?,19.2,6.4,3774,Comedy
Creep,13.2,6.4,1179,Horror
Accepted,18.1,6.4,1381,Comedy
Cellular,13.2,6.4,1677,Action
The 40 Year Old Virgin,19.4,6.4,6025,Comedy
Arachnophobia,10.2,6.4,1189,Comedy
Space Cowboys,14.4,6.4,1193,Action
Hardcore Henry,31.6,6.4,2131,Action
Insurgent,47.5,6.4,9337,Action
The Nanny Diaries,12.3,6.4,1004,Comedy
Sin City: A Dame to Kill For,34.5,6.4,3435,Crime
The Awakening,12.9,6.4,1250,Horror
Surf's Up,24.3,6.4,2174,Animation
Turner & Hooch,13.5,6.4,1117,Action
Warcraft,43.3,6.4,6179,Action
The Family,17.8,6.4,2669,Crime
Hide and Seek,20.5,6.4,1402,Horror
Grown Ups,82.9,6.4,5393,Comedy
The Messenger: The Story of Joan of Arc,27.0,6.4,1257,Adventure
Men in Black II,36.3,6.4,8968,Action
The Shallows,18.7,6.4,4667,Horror
Gangster Squad,15.8,6.4,3721,Crime
Two Weeks Notice,15.0,6.4,1843,Comedy
Ice Age: Continental Drift,56.6,6.4,6851,Animation
Nacho Libre,40.7,6.4,1366,Comedy
Licence to Kill,21.4,6.4,1656,Adventure
Tomb Raider,33.8,6.4,7140,Action
Red Eye,17.0,6.4,1653,Thriller
Alien³,23.8,6.3,4881,Science Fiction
Days of Thunder,17.9,6.4,1253,Adventure
A Dangerous Method,12.1,6.3,1849,Drama
Due Date,22.3,6.3,4917,Comedy
Over the Top,19.3,6.3,1441,Action
Savages,13.1,6.3,1963,Crime
Wild Things,19.4,6.3,1478,Mystery
The Hot Chick,29.7,6.3,1770,Comedy
6 Underground,36.8,6.3,4203,Action
Hancock,55.8,6.3,8704,Fantasy
The Commuter,21.9,6.3,3998,Action
Wrong Turn,49.4,6.3,2307,Horror
Resident Evil: Apocalypse,19.8,6.3,3822,Horror
Mr. Bean's Holiday,19.7,6.3,2535,Family
Edge of Darkness,12.3,6.3,1364,Crime
Talladega Nights: The Ballad of Ricky Bobby,16.0,6.3,1438,Comedy
The Recruit,10.5,6.3,1524,Action
Atlantis: Milo's Return,23.6,6.3,3683,Fantasy
The Mummy Returns,51.4,6.3,6261,Adventure
Vampire Academy,14.6,6.3,1628,Comedy
Along Came a Spider,22.1,6.3,1626,Crime
Shrek Forever After,90.1,6.3,6528,Comedy
The Blair Witch Project,30.9,6.3,4174,Horror
DodgeBall: A True Underdog Story,27.1,6.3,3089,Comedy
Tomorrow Never Dies,26.1,6.3,2704,Adventure
Babysitting 2,11.6,6.3,1232,Comedy
Taken 2,50.3,6.3,6042,Action
Hostage,18.3,6.3,1441,Action
Machete,28.0,6.3,2938,Action
Lights Out,25.8,6.3,3524,Horror
The Little Things,27.8,6.3,2021,Crime
Sierra Burgess Is a Loser,14.4,6.3,3316,Comedy
Morning Glory,14.0,6.3,1325,Comedy
Sex Drive,24.1,6.3,1163,Comedy
Vampires,13.8,6.3,1061,Action
The Taking of Pelham 1 2 3,15.1,6.3,2782,Thriller
RRRrrrr!!!,17.4,6.3,1052,Comedy
Indecent Proposal,23.7,6.3,1209,Romance
Camp Rock 2: The Final Jam,19.3,6.3,1412,Comedy
Scary Movie,82.0,6.3,6135,Comedy
Skyscraper,30.4,6.3,4484,Action
A Bad Moms Christmas,18.6,6.3,1876,Comedy
Kate & Leopold,16.8,6.3,1187,Romance
Cannibal Holocaust,41.7,6.3,1389,Horror
A-X-L,43.8,6.3,1080,Science Fiction
I Spit on Your Grave 2,36.8,6.3,1101,Thriller
Beastly,19.9,6.3,2600,Drama
Van Helsing,47.6,6.3,5248,Horror
Contraband,20.5,6.3,1892,Thriller
Walking Tall,24.4,6.3,1320,Adventure
Countdown,55.4,6.3,1814,Horror
Happy Death Day 2U,17.9,6.3,3022,Comedy
Jason Bourne,32.2,6.3,5212,Action
She's All That,27.1,6.3,1862,Comedy
Gemini Man,26.1,6.3,4592,Science Fiction
Goosebumps,31.9,6.3,3426,Adventure
A Walk Among the Tombstones,32.2,6.3,2555,Crime
Premium Rush,14.1,6.3,1889,Crime
A Cure for Wellness,21.0,6.3,3489,Horror
Faster,24.7,6.3,1694,Crime
National Treasure: Book of Secrets,35.0,6.3,4625,Action
The Expendables 2,33.4,6.3,6109,Action
The Jackal,14.8,6.3,1629,Action
Crawl,36.5,6.3,2741,Thriller
Smurfs: The Lost Village,33.5,6.3,1279,Family
A Perfect Getaway,13.7,6.3,1095,Thriller
Quantum of Solace,25.5,6.3,7108,Adventure
Repo Men,10.9,6.3,1707,Action
The Lizzie McGuire Movie,13.7,6.3,1160,Family
The Visit,33.7,6.3,4217,Mystery
Jack,10.8,6.3,1109,Family
Octopussy,22.8,6.3,1679,Adventure
Transporter 2,25.4,6.3,3154,Action
Ace Ventura: When Nature Calls,21.5,6.3,3667,Crime
You Again,15.9,6.3,1146,Comedy
"Roman J. Israel, Esq.",15.3,6.3,1108,Drama
Casper,33.5,6.3,4150,Fantasy
The Sum of All Fears,17.4,6.3,1489,Thriller
Unfriended: Dark Web,16.0,6.3,1353,Horror
The Fourth Kind,17.7,6.3,1506,Mystery
Idiocracy,36.9,6.3,2402,Comedy
The Punisher,42.3,6.3,2464,Action
The Discovery,11.5,6.3,1173,Drama
Honey,14.0,6.3,1070,Music
Bend It Like Beckham,12.5,6.3,1694,Comedy
The Interpreter,13.1,6.3,1270,Crime
Underworld: Awakening,40.9,6.3,3692,Fantasy
Astro Boy,27.4,6.3,1346,Animation
Baby's Day Out,40.5,6.3,1144,Family
Underwater,30.9,6.3,2709,Horror
It Boy,53.6,6.3,1152,Comedy
Horns,17.1,6.3,2103,Drama
Halloween Ends,88.1,6.3,1270,Horror
The Bar,13.8,6.3,1202,Horror
Vacation,44.9,6.3,3370,Comedy
Bastille Day,15.8,6.3,1187,Action
Hackers,16.0,6.3,1071,Action
Twilight,99.2,6.3,12365,Fantasy
Dark Skies,22.3,6.3,1603,Science Fiction
No Strings Attached,41.7,6.3,4274,Comedy
City of Ember,23.2,6.3,1562,Adventure
Triple Frontier,28.1,6.3,2804,Action
The Host,29.1,6.3,3709,Action
Insidious: Chapter 3,48.2,6.3,2962,Horror
Behind Enemy Lines,16.1,6.3,1252,Action
Star Trek: Nemesis,18.9,6.3,1232,Science Fiction
Colossal,17.7,6.3,1841,Drama
Riddick,46.4,6.3,3681,Science Fiction
16 Wishes,14.9,6.3,1192,Fantasy
Inkheart,21.3,6.3,1927,Adventure
Blockers,28.8,6.3,1811,Comedy
The Huntsman: Winter's War,29.4,6.3,4487,Action
The Raven,16.7,6.3,1198,Crime
17 Again,30.2,6.3,4651,Comedy
Resident Evil: Extinction,8.7,6.3,3671,Horror
Shrek the Third,89.3,6.3,8055,Fantasy
Ted 2,75.6,6.3,6694,Comedy
Zack and Miri Make a Porno,45.9,6.3,2092,Comedy
Look Who's Talking,11.9,6.3,2065,Comedy
Bill & Ted's Bogus Journey,15.0,6.3,1034,Adventure
Case 39,20.3,6.3,2032,Horror
The Siege,10.7,6.3,1153,Drama
American Reunion,49.3,6.3,4035,Comedy
The Other Guys,32.7,6.3,3701,Action
Be Kind Rewind,10.0,6.3,1177,Drama
Nanny McPhee and the Big Bang,30.5,6.3,1658,Comedy
Daybreakers,18.1,6.3,1740,Action
Godzilla,60.6,6.3,8152,Action
The Losers,27.2,6.3,1598,Action
Cheaper by the Dozen,22.0,6.3,2537,Comedy
"Honey, I Shrunk the Kids",18.9,6.3,2687,Adventure
War,24.7,6.3,1470,Action
Harold & Kumar Escape from Guantanamo Bay,19.2,6.3,1278,Comedy
Power Rangers,64.2,6.3,4103,Action
Premonition,13.7,6.3,1378,Thriller
True Story,8.4,6.3,1772,Crime
Winter's Tale,15.0,6.3,1231,Drama
John Carter,55.6,6.3,5082,Action
Once Upon a Time in Mexico,21.7,6.3,1918,Action
Daddy's Home 2,24.6,6.3,2280,Comedy
Child 44,22.1,6.3,1490,Crime
Austin Powers: The Spy Who Shagged Me,25.5,6.3,2931,Adventure
Aladdin and the King of Thieves,23.0,6.3,1675,Adventure
The Karate Kid Part II,21.5,6.3,1882,Adventure
Europa Report,23.1,6.3,1210,Science Fiction
Murder Mystery,52.9,6.3,3881,Comedy
Killer Elite,19.9,6.3,1885,Action
The Secret Life of Pets,14.5,6.3,7526,Adventure
The Frozen Ground,17.9,6.3,1298,Thriller
The World Is Not Enough,22.2,6.3,2554,Adventure
Return to the Blue Lagoon,30.6,6.3,1038,Adventure
Click,29.1,6.3,6319,Comedy
The Internship,0.9,6.3,3839,Comedy
King Arthur,24.6,6.3,2414,Adventure
Grave Encounters,11.7,6.3,1289,Thriller
Army of the Dead,48.5,6.3,3502,Action
Knocked Up,16.2,6.3,3556,Comedy
Daddy's Home,24.4,6.3,2866,Comedy
Universal Soldier,17.9,6.3,1423,Thriller
Saw VI,25.8,6.3,2702,Horror
Prince of Persia: The Sands of Time,44.1,6.3,6197,Adventure
Under Siege,18.6,6.3,1305,Action
Johnny English Strikes Again,23.2,6.3,2189,Action
The Purge,39.1,6.3,7667,Science Fiction
Upside Down,15.4,6.3,2301,Romance
Live by Night,11.3,6.3,1187,Crime
Johnny English,19.3,6.3,3043,Adventure
Mercury Rising,18.0,6.3,1350,Action
The BFG,38.6,6.3,3038,Adventure
Bridget Jones: The Edge of Reason,12.0,6.3,2493,Comedy
The Cell,14.9,6.3,1347,Horror
Polar,30.8,6.3,1942,Action
Tomorrowland,55.4,6.2,6468,Adventure
Splash,15.2,6.2,1164,Comedy
X-Men Origins: Wolverine,6.1,6.2,9540,Adventure
The Voices,8.3,6.2,1579,Comedy
Delivery Man,14.4,6.2,1332,Comedy
The Switch,13.7,6.2,1693,Comedy
The Return of Jafar,23.7,6.2,3121,Family
Insidious: The Last Key,54.2,6.2,2437,Horror
From Paris with Love,22.2,6.2,1768,Action
Mirrors,26.9,6.2,1619,Horror
The House with a Clock in Its Walls,20.3,6.2,1951,Fantasy
Rat Race,15.9,6.2,1573,Adventure
Ride Along 2,20.1,6.2,1519,Action
Coyote Ugly,20.9,6.2,1838,Comedy
Mama,44.5,6.2,3803,Horror
Bride Wars,26.2,6.2,2768,Comedy
Death Race,44.0,6.2,3362,Action
Unsane,15.2,6.2,1361,Horror
Legend,20.1,6.2,1042,Adventure
Flushed Away,32.5,6.2,3356,Adventure
Disclosure,15.8,6.2,1021,Thriller
Monsters,17.5,6.2,1374,Drama
Sky High,24.5,6.2,2061,Adventure
Predators,49.6,6.2,3597,Science Fiction
Predator 2,44.1,6.2,2755,Science Fiction
Ride Along,15.7,6.2,2044,Action
Pain & Gain,34.1,6.2,4010,Action
Eat Pray Love,20.0,6.2,2178,Drama
How to Be Single,30.1,6.2,2994,Comedy
Annie,30.2,6.2,1189,Comedy
Windtalkers,18.9,6.2,1097,War
Child's Play 2,39.9,6.2,1546,Horror
Speed Racer,20.8,6.2,1337,Family
Captain Underpants: The First Epic Movie,22.9,6.2,1057,Action
Taken 3,67.9,6.2,5213,Thriller
Bring It On,20.2,6.2,1509,Comedy
Taxi 2,15.3,6.2,1529,Action
Mr. Magorium's Wonder Emporium,13.1,6.2,1111,Family
Isn't It Romantic,16.8,6.2,3295,Comedy
Hannibal Rising,5.3,6.2,1939,Crime
The Crazies,15.9,6.2,1796,Mystery
Diary of a Wimpy Kid,24.5,6.2,1377,Comedy
Meet the Fockers,19.5,6.2,4310,Comedy
The Hustle,20.9,6.2,2272,Comedy
What a Girl Wants,18.4,6.2,1464,Comedy
The Twilight Saga: Eclipse,80.0,6.2,8045,Adventure
Vacancy,22.4,6.2,1247,Horror
Midnight Special,13.7,6.2,1708,Adventure
The Texas Chainsaw Massacre,39.8,6.2,2307,Horror
Fright Night,16.2,6.2,1727,Horror
This Is the End,24.2,6.2,5780,Action
Takers,19.2,6.2,1109,Action
The Ritual,23.4,6.2,2564,Horror
12 Strong,28.7,6.2,2541,War
Hoodwinked!,20.6,6.2,1571,Animation
Swordfish,16.7,6.2,2356,Action
Deliver Us from Evil,16.4,6.2,1843,Thriller
The Expendables,50.0,6.2,7001,Thriller
American Pie 2,45.0,6.2,4425,Comedy
Thir13en Ghosts,37.6,6.2,1815,Horror
Johnny English Reborn,23.3,6.2,2939,Crime
The Expendables 3,56.0,6.2,4436,Action
The Hangover Part III,52.2,6.2,7882,Comedy
The Eagle,10.5,6.2,1151,Adventure
The Bourne Legacy,28.9,6.2,5196,Action
Halloween 4: The Return of Michael Myers,21.9,6.2,1664,Horror
Charlotte's Web,18.9,6.2,1241,Comedy
Final Destination 2,39.3,6.2,3531,Horror
Halloween,24.5,6.2,2045,Horror
The Twilight Saga: Breaking Dawn - Part 1,62.4,6.2,8057,Adventure
What Men Want,14.7,6.2,1205,Comedy
The Meg,61.4,6.2,6384,Action
Billy Madison,15.6,6.2,1421,Comedy
Jigsaw,32.1,6.2,3184,Horror
San Andreas,99.6,6.2,7632,Action
J. Edgar,12.4,6.2,2206,Drama
The International,9.3,6.2,1074,Action
Kidnap,16.9,6.2,1190,Drama
"Alexander and the Terrible, Horrible, No Good, Very Bad Day",12.7,6.2,1217,Family
Mandy,17.5,6.2,1652,Horror
Veronica,22.2,6.2,1541,Horror
Mile 22,23.0,6.2,1962,Action
Percy Jackson & the Olympians: The Lightning Thief,67.1,6.2,6796,Adventure
Dune,35.6,6.2,2475,Action
American Wedding,57.1,6.2,3677,Comedy
Monsters vs Aliens,42.3,6.2,4139,Animation
The Time Machine,22.8,6.2,1976,Science Fiction
The Incredible Hulk,59.4,6.2,10660,Science Fiction
Romeo Must Die,18.4,6.2,1012,Action
Night at the Museum: Secret of the Tomb,46.3,6.2,5358,Adventure
The Angry Birds Movie,31.4,6.2,3256,Animation
Zoolander,17.7,6.2,3958,Comedy
Code 8,17.3,6.2,1543,Science Fiction
The Thing,23.2,6.2,2547,Horror
Mad Max Beyond Thunderdome,30.5,6.2,2437,Action
Fun with Dick and Jane,15.2,6.2,2126,Comedy
A View to a Kill,25.4,6.2,1703,Adventure
Beneath the Planet of the Apes,23.2,6.2,1070,Adventure
Deep Impact,35.3,6.2,2638,Action
Babe,17.8,6.2,2567,Fantasy
Monster-in-Law,15.9,6.2,1475,Romance
Rock of Ages,21.8,6.2,1133,Comedy
House of 1000 Corpses,16.5,6.2,1389,Horror
Entrapment,16.5,6.2,1744,Romance
Free Willy,23.1,6.2,1604,Family
Gone,11.4,6.2,1032,Thriller
Land of the Dead,16.6,6.2,1368,Horror
Just Friends,16.6,6.2,1421,Comedy
Here Comes the Boom,18.0,6.2,1291,Comedy
Knight and Day,26.3,6.2,4024,Action
Night School,13.0,6.2,1508,Comedy
The Tourist,26.4,6.2,4979,Action
Final Fantasy: The Spirits Within,14.9,6.2,1291,Adventure
The Invention of Lying,14.0,6.2,1826,Comedy
The Interview,35.3,6.2,5227,Action
Horrible Bosses 2,29.3,6.2,3775,Comedy
Centurion,13.6,6.2,1232,Adventure
Hummingbird,34.3,6.2,1501,Action
Paycheck,15.0,6.2,1587,Action
Tau,12.6,6.2,1109,Science Fiction
Neighbors,23.9,6.2,6450,Comedy
Red Heat,15.4,6.2,1251,Action
Morbius,116.6,6.2,3416,Action
I Am Number Four,26.3,6.2,4261,Action
Waterworld,26.8,6.2,3210,Adventure
Blood Father,14.1,6.2,1376,Action
Turbo,26.9,6.2,2914,Animation
Sucker Punch,33.5,6.2,4298,Action
Magic Mike XXL,19.7,6.2,1630,Comedy
Red Lights,15.8,6.2,1097,Thriller
Transformers: Dark of the Moon,23.5,6.2,7483,Action
The New Mutants,30.1,6.2,3000,Science Fiction
London Has Fallen,36.0,6.2,4272,Action
Never Been Kissed,13.8,6.2,1334,Romance
Get Smart,24.3,6.2,3195,Action
Mortal Engines,34.6,6.2,4120,Adventure
Blitz,31.7,6.2,1451,Crime
I Kill Giants,13.6,6.2,1079,Fantasy
The Belko Experiment,11.0,6.2,1256,Horror
The Dictator,38.6,6.2,5250,Comedy
Dante's Peak,21.9,6.2,1618,Action
In Her Shoes,12.4,6.2,1089,Comedy
The Wrong Missy,18.0,6.2,1040,Comedy
Blonde,37.4,6.2,1046,Drama
Knowing,69.5,6.2,4728,Action
Bright,21.5,6.2,5186,Fantasy
So Undercover,16.1,6.2,1053,Action
The Blue Lagoon,19.9,6.2,1605,Romance
Rambo III,32.6,6.2,2728,Action
Happy Feet,43.7,6.2,4602,Animation
Transformers: Revenge of the Fallen,29.0,6.2,7647,Science Fiction
Saw V,26.3,6.2,2972,Horror
Reign of Fire,18.2,6.2,1974,Adventure
The Extraordinary Adventures of Adèle Blanc-Sec,12.9,6.2,1148,Fantasy
Road Trip,17.6,6.2,1674,Comedy
Saw IV,28.4,6.2,3207,Horror
Criminal,20.0,6.2,1541,Action
Krampus,16.0,6.2,1838,Horror
Moonraker,23.9,6.2,1689,Action
Shallow Hal,27.2,6.2,2589,Comedy
John Tucker Must Die,15.4,6.2,1249,Comedy
Magic Mike,23.8,6.2,2706,Drama
Pride and Prejudice and Zombies,24.7,6.2,1984,Romance
Return to Sender,9.9,6.2,1114,Drama
That Awkward Moment,19.4,6.1,2460,Comedy
Dream House,12.6,6.1,1243,Mystery
47 Ronin,29.3,6.1,3452,Drama
This Means War,15.5,6.1,3090,Action
In the Shadow of the Moon,19.5,6.1,1210,Science Fiction
Dead Man Down,21.9,6.1,1301,Thriller
Friday the 13th Part 2,24.3,6.1,1385,Horror
S.W.A.T.,28.5,6.1,2229,Action
The Devil's Own,16.1,6.1,1026,Crime
Push,17.8,6.1,2033,Science Fiction
Cheaper by the Dozen 2,20.9,6.1,1822,Comedy
Antz,25.9,6.1,4017,Adventure
Jumper,37.9,6.1,5172,Action
World Trade Center,16.5,6.1,1480,Drama
Anchorman 2: The Legend Continues,15.5,6.1,2272,Comedy
Transporter 3,30.4,6.1,2991,Action
Journey 2: The Mysterious Island,62.8,6.1,3834,Adventure
The Back-Up Plan,9.9,6.1,1285,Comedy
CHiPS,35.7,6.1,1138,Action
Laggies,11.3,6.1,1046,Comedy
Terminator 3: Rise of the Machines,44.0,6.1,5874,Action
Snake Eyes,10.9,6.1,1156,Thriller
xXx: Return of Xander Cage,77.9,6.1,8384,Action
Open Season,19.6,6.1,2421,Animation
The Ladykillers,10.0,6.1,1408,Comedy
Paper Towns,17.4,6.1,4829,Mystery
LOL,12.8,6.1,2520,Drama
Death Wish,29.7,6.1,2310,Action
Equals,12.1,6.1,1261,Drama
Beauty and the Beast,22.3,6.1,1895,Fantasy
Jobs,13.0,6.1,2253,Drama
The Change-Up,25.8,6.1,2473,Comedy
Shanghai Knights,15.1,6.1,2003,Action
Tolo Tolo,6.7,6.1,1146,Comedy
Night at the Museum: Battle of the Smithsonian,26.6,6.1,6259,Adventure
Alien Resurrection,28.2,6.1,4217,Science Fiction
Home Again,17.1,6.1,1105,Comedy
Jurassic Park III,1.8,6.1,6391,Adventure
Resident Evil: The Final Chapter,1.8,6.1,2772,Action
Under the Skin,26.4,6.1,3023,Thriller
Jeepers Creepers 2,42.3,6.1,1401,Horror
Star Wars: The Clone Wars,26.5,6.1,1745,Animation
Bedtime Stories,26.8,6.1,2568,Fantasy
Anger Management,20.0,6.1,2748,Comedy
Ouija: Origin of Evil,24.5,6.1,2212,Horror
The One,18.5,6.1,1366,Action
Happy Feet Two,31.5,6.1,1406,Animation
The Woman in Black,15.0,6.1,3192,Drama
Goosebumps 2: Haunted Halloween,29.9,6.1,1313,Adventure
Pacific Rim: Uprising,61.3,6.1,4354,Action
Fallen,16.8,6.1,1498,Drama
Just My Luck,11.4,6.1,1714,Comedy
The Lodge,54.0,6.1,1048,Drama
The Babysitter,24.8,6.1,3200,Comedy
Sex and the City 2,24.6,6.1,1490,Comedy
The Girl in the Spider's Web,25.8,6.1,1172,Thriller
The Zero Theorem,7.7,6.1,1068,Drama
Brightburn,46.0,6.1,2734,Horror
Jack Ryan: Shadow Recruit,23.9,6.1,2590,Action
The Texas Chainsaw Massacre: The Beginning,32.0,6.1,1541,Horror
Mission: Impossible II,31.5,6.1,5763,Adventure
V/H/S,15.9,6.1,1317,Thriller
The Strangers,18.4,6.1,2108,Horror
The Amityville Horror,27.1,6.1,1946,Horror
Apostle,10.9,6.1,1264,Horror
Grown Ups 2,94.4,6.1,3787,Comedy
Cinderella II: Dreams Come True,45.8,6.1,1282,Family
Jackass Presents: Bad Grandpa,14.9,6.1,1407,Comedy
Justice League,66.3,6.1,12000,Action
A Thousand Words,16.5,6.1,1196,Drama
The Legend of Zorro,19.3,6.1,2591,Action
The November Man,15.8,6.1,1332,Crime
Allegiant,29.9,6.1,6115,Adventure
Keeping Up with the Joneses,13.2,6.1,1812,Action
Geostorm,90.0,6.1,4280,Action
Duplex,11.5,6.1,1516,Comedy
Baywatch,56.7,6.1,7372,Comedy
Blades of Glory,18.6,6.1,1555,Comedy
Maid in Manhattan,20.7,6.1,1696,Comedy
Friday the 13th: The Final Chapter,26.1,6.1,1103,Horror
Ad Astra,10.7,6.1,5955,Science Fiction
A Haunted House 2,59.8,6.1,1210,Comedy
The Night Before,13.1,6.1,1517,Comedy
Wall Street: Money Never Sleeps,18.4,6.1,1350,Drama
The Sorcerer's Apprentice,36.1,6.1,4526,Fantasy
Surrogates,18.5,6.1,2838,Science Fiction
300: Rise of an Empire,40.5,6.1,5921,Action
The Rite,22.6,6.1,1880,Drama
Valhalla Rising,11.1,6.1,1071,Adventure
Sphere,13.2,6.1,1397,Science Fiction
The Lone Ranger,30.4,6.1,5432,Action
Let It Snow,13.5,6.1,1067,Romance
Fist Fight,14.6,6.1,1139,Comedy
Daylight,17.0,6.1,1343,Action
What Happens in Vegas,16.1,6.1,2721,Comedy
Hitman,55.9,6.1,2927,Action
ARQ,13.5,6.1,1045,Science Fiction
Vivarium,53.2,6.1,1660,Science Fiction
Cocktail,12.8,6.1,1246,Romance
Final Destination 5,39.4,6.1,2978,Horror
Carriers,41.2,6.1,1249,Action
American Ultra,15.3,6.1,2552,Comedy
Gothika,18.3,6.1,2022,Horror
Alien: Covenant,60.2,6.1,7601,Science Fiction
Mike and Dave Need Wedding Dates,19.8,6.1,2293,Comedy
3 Days to Kill,20.1,6.1,1945,Action
Conan the Destroyer,19.4,6.1,1285,Adventure
The Nutcracker and the Four Realms,23.7,6.1,1948,Fantasy
Spiral: From the Book of Saw,46.4,6.1,1535,Horror
Date Night,17.1,6.1,2568,Comedy
Final Destination 3,37.4,6.1,3376,Horror
Snitch,15.8,6.1,2141,Thriller
Grudge Match,13.5,6.1,1150,Comedy
Resident Evil: Welcome to Raccoon City,111.4,6.1,2044,Horror
Runaway Bride,14.6,6.1,1748,Comedy
Candyman,33.6,6.1,1284,Horror
Ghost in the Shell,31.3,6.1,7417,Science Fiction
Ali G Indahouse,11.9,6.1,1203,Comedy
Kindergarten Cop,12.1,6.1,2159,Comedy
Chloe,14.7,6.1,1519,Drama
Tarzan II,21.4,6.1,1005,Adventure
First Knight,14.0,6.1,1041,Action
Ice Age: Collision Course,47.5,6.1,4046,Adventure
Tower Heist,24.9,6.1,2635,Action
Journey to the Center of the Earth,32.4,6.1,4359,Action
Cars 2,90.6,6.1,6885,Animation
Never Say Never Again,18.3,6.1,1228,Adventure
Police Academy 2: Their First Assignment,22.1,6.1,1322,Comedy
Transformers: The Last Knight,95.3,6.1,5479,Action
The SpongeBob Movie: Sponge Out of Water,36.5,6.1,2108,Family
Inferno,28.1,6.1,5776,Mystery
Devil,18.5,6.1,2575,Horror
Scooby-Doo,55.9,6.1,3946,Mystery
Evolution,25.3,6.1,1954,Comedy
The Pacifier,25.8,6.1,2756,Comedy
Replicas,20.0,6.0,1171,Science Fiction
Killing Them Softly,13.6,6.0,1884,Crime
Hereafter,16.3,6.0,1454,Drama
Resident Evil: Afterlife,1.4,6.0,3425,Action
The Waterboy,21.1,6.0,1570,Comedy
The Golden Compass,23.6,6.0,4151,Adventure
Cobra,25.7,6.0,1490,Action
Freddy vs. Jason,36.7,6.0,2223,Horror
Crank: High Voltage,44.7,6.0,2485,Action
The Woman in the Window,16.8,6.0,1692,Drama
Wrong Turn 2: Dead End,71.0,6.0,1169,Horror
Six Days Seven Nights,20.6,6.0,1270,Adventure
Scooby-Doo 2: Monsters Unleashed,25.2,6.0,2433,Mystery
Stuart Little,35.0,6.0,3935,Family
Terminator Salvation,49.5,6.0,5824,Action
Hotel Artemis,15.8,6.0,1363,Thriller
Into the Storm,25.4,6.0,1847,Action
The Monuments Men,18.4,6.0,3250,War
Dark Shadows,23.7,6.0,6608,Comedy
Broken Arrow,18.7,6.0,1297,Action
Color Out of Space,15.5,6.0,1192,Mystery
End of Days,17.6,6.0,1595,Action
Next,21.9,6.0,2613,Action
The Silence,35.2,6.0,1337,Horror
Tracers,29.1,6.0,1008,Action
Home on the Range,34.8,6.0,1787,Animation
What to Expect When You're Expecting,17.0,6.0,1667,Romance
Circle,14.1,6.0,1733,Science Fiction
Carrie,24.4,6.0,4081,Drama
Halloween H20: 20 Years Later,19.5,6.0,1420,Horror
Shark Tale,39.7,6.0,5766,Animation
Transcendence,19.8,6.0,4993,Thriller
Hot Tub Time Machine,15.0,6.0,2175,Science Fiction
Bedazzled,18.8,6.0,1625,Fantasy
Percy Jackson: Sea of Monsters,24.5,6.0,4753,Adventure
Hansel & Gretel: Witch Hunters,49.3,6.0,6197,Fantasy
Little Nicholas,11.9,6.0,1024,Comedy
The Possession,14.7,6.0,1441,Horror
I Now Pronounce You Chuck & Larry,21.5,6.0,2052,Comedy
The Last Summer,14.6,6.0,1310,Romance
Extinction,21.0,6.0,1606,Action
The Tuche Family,9.1,6.0,1189,Comedy
The Laundromat,12.5,6.0,1064,Drama
Eli,18.1,6.0,1248,Horror
Mother's Day,15.3,6.0,1179,Comedy
The Twilight Saga: New Moon,54.6,6.0,8420,Adventure
When in Rome,12.0,6.0,1107,Comedy
National Lampoon's Van Wilder,22.3,6.0,1618,Comedy
Bee Movie,30.9,6.0,4352,Family
Parker,24.7,6.0,2743,Action
101 Dalmatians II: Patch's London Adventure,39.8,6.0,1036,Family
Child's Play,21.8,6.0,1700,Horror
Alvin and the Chipmunks: The Road Chip,26.6,6.0,1470,Adventure
Eraser,21.9,6.0,1574,Action
Get Hard,19.3,6.0,2438,Comedy
Brahms: The Boy II,20.4,6.0,1103,Horror
A Million Ways to Die in the West,17.8,6.0,3687,Comedy
Beautiful Creatures,16.5,6.0,2670,Fantasy
Dark Phoenix,42.4,6.0,5746,Fantasy
Teenage Mutant Ninja Turtles: Out of the Shadows,31.5,6.0,3126,Action
Paranormal Activity,43.9,6.0,4533,Horror
Bride of Chucky,44.4,6.0,1615,Comedy
The Great Wall,48.1,6.0,4594,Action
Austin Powers in Goldmember,22.7,6.0,2763,Comedy
The Tall Man,11.0,6.0,1029,Horror
Spanglish,13.7,6.0,1147,Comedy
Jingle All the Way,13.6,6.0,2268,Family
Mission to Mars,14.9,6.0,1226,Science Fiction
The First Purge,51.6,6.0,3561,Horror
The Signal,23.9,6.0,1500,Thriller
The Last Stand,18.9,6.0,2483,Action
Saw 3D,28.0,6.0,2559,Horror
Miami Vice,17.6,6.0,1525,Action
Gretel & Hansel,15.6,6.0,1240,Fantasy
Asterix & Obelix Take on Caesar,17.8,6.0,1647,Family
Don Jon,29.7,6.0,3967,Romance
Along Came Polly,16.2,6.0,2578,Comedy
Scary Movie 3,48.4,6.0,3619,Comedy
The Net,14.1,6.0,1144,Crime
Dorian Gray,15.6,6.0,1931,Fantasy
Total Recall,35.0,6.0,4983,Action
Scream 3,80.5,6.0,2969,Horror
While We're Young,10.6,6.0,1000,Comedy
Shaft,22.7,6.0,1115,Action
Indiana Jones and the Kingdom of the Crystal Skull,36.7,6.0,7235,Adventure
Twins,19.9,6.0,1948,Comedy
Walk of Shame,14.4,6.0,1304,Comedy
Snow White and the Huntsman,39.1,6.0,7369,Adventure
Hubie Halloween,13.0,6.0,1391,Comedy
Solomon Kane,17.6,6.0,1222,Adventure
Truth or Dare,26.0,6.0,3679,Thriller
iBoy,14.2,6.0,1055,Action
2:22,13.7,6.0,1329,Science Fiction
The Men Who Stare at Goats,13.7,6.0,1980,Comedy
Red Riding Hood,18.6,6.0,2905,Fantasy
Pan,27.6,6.0,2550,Fantasy
The Invasion,17.4,6.0,1291,Science Fiction
Doomsday,20.5,6.0,1131,Action
Jaws 2,22.0,6.0,1631,Horror
The Package,14.3,6.0,1079,Comedy
Die Another Day,22.9,6.0,3091,Adventure
Frozen,14.1,6.0,1594,Thriller
Get Him to the Greek,16.5,6.0,1560,Adventure
Ghosts of Girlfriends Past,21.1,6.0,2096,Fantasy
The Cable Guy,16.4,6.0,2087,Comedy
The League of Extraordinary Gentlemen,28.0,6.0,3618,Fantasy
Universal Soldier: The Return,14.1,6.0,1147,Action
Sisters,12.5,6.0,1258,Comedy
Triple 9,16.1,6.0,1918,Action
Larry Crowne,10.5,6.0,1169,Comedy
The 6th Day,13.2,6.0,1761,Science Fiction
Deep Blue Sea,19.1,5.9,2131,Action
Men in Black: International,23.9,5.9,4325,Comedy
Mechanic: Resurrection,46.8,5.9,2968,Action
Domino,11.7,5.9,1087,Action
Killers,19.3,5.9,2003,Action
Batman v Superman: Dawn of Justice,79.6,5.9,16728,Action
The Last Witch Hunter,32.4,5.9,3283,Fantasy
Immortals,25.6,5.9,2274,Fantasy
The Boy,25.0,5.9,3466,Horror
The American,16.3,5.9,1188,Crime
Oldboy,19.8,5.9,1762,Drama
1922,15.8,5.9,2455,Horror
The 5th Wave,33.1,5.9,5362,Science Fiction
Wild Hogs,22.4,5.9,2056,Action
RoboCop 2,21.3,5.9,1584,Action
Sleepless,20.8,5.9,1146,Action
I Know What You Did Last Summer,16.3,5.9,2410,Horror
Ghost Ship,32.3,5.9,2096,Horror
Jack Reacher: Never Go Back,61.7,5.9,4348,Action
Mr. Popper's Penguins,21.0,5.9,2641,Comedy
Grimsby,19.8,5.9,2066,Action
The Wedding Planner,18.1,5.9,1499,Comedy
Hostel,38.0,5.9,3190,Horror
Anon,19.8,5.9,1392,Science Fiction
The Ruins,16.7,5.9,1010,Horror
Species,27.7,5.9,1385,Science Fiction
The Santa Clause 2,10.6,5.9,1140,Fantasy
The Void,11.9,5.9,1045,Mystery
Deuce Bigalow: Male Gigolo,38.1,5.9,1197,Comedy
Mirror Mirror,16.6,5.9,2983,Adventure
Victor Frankenstein,16.4,5.9,1925,Drama
The Karate Kid Part III,19.0,5.9,1363,Action
Intolerable Cruelty,11.4,5.9,1308,Comedy
Hollow Man,24.6,5.9,2222,Action
Alexander,20.5,5.9,2951,War
Righteous Kill,11.1,5.9,1086,Action
Naomi and Ely's No Kiss List,8.5,5.9,1036,Romance
Paranormal Activity 3,31.1,5.9,1963,Horror
Broken City,15.8,5.9,1316,Thriller
House of Wax,34.0,5.9,2660,Horror
Winchester,17.8,5.9,1596,Horror
The Gambler,14.1,5.9,1212,Thriller
Dark Places,10.9,5.9,1148,Thriller
Suicide Squad,42.0,5.9,19744,Action
"Hail, Caesar!",17.3,5.9,3488,Comedy
Point Break,31.8,5.9,2065,Action
xXx,29.9,5.9,3760,Action
Nim's Island,11.8,5.9,1038,Adventure
Personal Shopper,14.1,5.9,1093,Drama
Brick Mansions,22.8,5.9,1397,Action
Terminator Genisys,73.4,5.9,7632,Science Fiction
Good Luck Chuck,19.3,5.9,1319,Comedy
Transformers: Age of Extinction,120.0,5.9,7267,Science Fiction
Robin Hood,28.1,5.9,2689,Adventure
Around the World in 80 Days,19.7,5.9,2212,Action
Solaris,13.9,5.9,1131,Drama
Lockout,21.5,5.9,1653,Action
Jennifer's Body,34.3,5.9,3285,Horror
Dirty Grandpa,31.9,5.9,4033,Comedy
Valentine's Day,16.6,5.9,2817,Comedy
Daddy Day Care,13.8,5.9,1907,Comedy
Oz the Great and Powerful,25.3,5.9,6135,Fantasy
The Mexican,13.6,5.9,1255,Action
Teenage Mutant Ninja Turtles,71.9,5.9,6219,Science Fiction
101 Dalmatians,43.4,5.9,3031,Family
The Big Wedding,11.4,5.9,1055,Comedy
The Beguiled,14.9,5.9,1981,Drama
Fifty Shades of Grey,142.3,5.9,10887,Drama
Child's Play 3,37.9,5.9,1332,Horror
New Year's Eve,15.0,5.9,1964,Comedy
Chicken Little,30.4,5.9,3510,Animation
The Jungle Book 2,18.6,5.9,1038,Family
Into the Blue,16.5,5.9,1324,Action
The Legend of Tarzan,34.3,5.9,5810,Fantasy
Serial (Bad) Weddings 2,10.1,5.9,1153,Comedy
AVP: Alien vs. Predator,28.1,5.9,3852,Adventure
Little Man,43.7,5.9,1486,Comedy
Suburbicon,14.3,5.9,1546,Thriller
The Grudge,25.7,5.9,2610,Horror
Fantasy Island,22.5,5.9,2154,Horror
Planes,26.6,5.9,1489,Animation
Volcano,17.9,5.9,1300,Science Fiction
RV,47.0,5.9,1503,Family
Beowulf,23.8,5.9,2533,Adventure
Ri¢hie Ri¢h,31.9,5.9,2019,Comedy
Lara Croft: Tomb Raider,23.3,5.9,5565,Adventure
The Rum Diary,10.2,5.9,1068,Comedy
Beverly Hills Cop III,18.4,5.9,1525,Action
Sinister 2,16.5,5.9,1922,Horror
Abduction,16.3,5.9,2674,Thriller
Clash of the Titans,51.3,5.9,5724,Adventure
Cam,10.1,5.9,1337,Mystery
Friday the 13th Part III,24.8,5.9,1156,Horror
Sahara,19.3,5.9,1278,Action
Only God Forgives,11.9,5.9,2191,Drama
Little Nicky,23.2,5.9,1595,Comedy
Curse of Chucky,27.2,5.9,1364,Horror
Absolutely Anything,13.8,5.9,1252,Comedy
Funny People,19.2,5.9,1133,Comedy
The Specialist,18.0,5.9,1109,Action
Gnomeo & Juliet,25.5,5.9,1762,Animation
Nothing to Declare,8.9,5.9,1010,Comedy
The Boss,9.7,5.9,1227,Comedy
Blade: Trinity,24.1,5.9,3454,Action
The Spy Next Door,18.0,5.9,1145,Action
The Break-Up,20.1,5.9,2429,Romance
The Nun,75.6,5.9,5718,Horror
Escape from L.A.,13.0,5.8,1238,Action
Poseidon,22.4,5.8,1893,Adventure
A Nightmare on Elm Street 4: The Dream Master,19.7,5.8,1185,Horror
Sky Captain and the World of Tomorrow,11.9,5.8,1104,Mystery
365 Days: This Day,136.0,5.8,1103,Romance
This Is 40,13.9,5.8,1959,Comedy
It Comes at Night,12.8,5.8,2117,Drama
Identity Thief,15.6,5.8,3082,Comedy
Planet 51,19.3,5.8,1819,Animation
Exodus: Gods and Kings,52.5,5.8,4152,Adventure
RoboCop,22.8,5.8,4982,Science Fiction
The Bounty Hunter,13.4,5.8,2580,Comedy
The Five-Year Engagement,15.6,5.8,1207,Comedy
The Wolfman,25.5,5.8,1771,Horror
The Cobbler,16.8,5.8,1477,Fantasy
Race to Witch Mountain,17.2,5.8,1540,Adventure
Open Season 2,21.4,5.8,1062,Adventure
Underworld: Blood Wars,46.1,5.8,3331,Fantasy
A Hologram for the King,12.0,5.8,1016,Comedy
A Haunted House,50.6,5.8,1630,Comedy
Hitman: Agent 47,93.4,5.8,2733,Action
Mr. Deeds,15.5,5.8,1985,Comedy
The Pink Panther,21.5,5.8,1729,Comedy
R.I.P.D.,38.3,5.8,3601,Fantasy
Legion,56.3,5.8,2321,Horror
Neighbors 2: Sorority Rising,17.3,5.8,4078,Comedy
Spiderhead,59.3,5.8,1260,Science Fiction
Mortal Kombat,30.2,5.8,1976,Action
Automata,17.1,5.8,1473,Thriller
21 & Over,12.9,5.8,1399,Comedy
The Campaign,14.5,5.8,1554,Comedy
Charlie's Angels,24.7,5.8,3751,Action
Hostel: Part II,31.0,5.8,1753,Horror
Dennis the Menace,24.0,5.8,1294,Family
2012,77.9,5.8,11070,Action
Jack the Giant Slayer,38.7,5.8,4558,Fantasy
A Nightmare on Elm Street Part 2: Freddy's Revenge,33.0,5.8,1577,Horror
House at the End of the Street,13.1,5.8,1630,Horror
Splice,33.2,5.8,1959,Horror
Big Momma's House,18.8,5.8,2050,Crime
Alvin and the Chipmunks,44.2,5.8,4007,Comedy
Ma,17.4,5.8,1964,Horror
Battleship,45.4,5.8,4990,Thriller
Resident Evil: Retribution,4.9,5.8,3570,Action
Starsky & Hutch,15.1,5.8,2031,Comedy
Cult of Chucky,31.4,5.8,1100,Horror
The Three Musketeers,28.2,5.8,2416,Adventure
Beethoven,25.4,5.8,1836,Family
The Ward,12.7,5.8,1084,Horror
Analyze That,11.1,5.8,1074,Comedy
Trainwreck,22.7,5.8,2392,Comedy
47 Meters Down,19.8,5.8,2501,Horror
The Brothers Grimm,19.0,5.8,2466,Adventure
Scary Movie 2,59.7,5.8,4099,Comedy
Ava,46.2,5.8,2238,Action
Not Another Teen Movie,29.2,5.8,1781,Comedy
Arthur 3: The War of the Two Worlds,15.3,5.8,1399,Animation
The Midnight Sky,15.1,5.8,1610,Science Fiction
To Rome with Love,10.4,5.8,1856,Romance
Morgan,15.3,5.8,1328,Horror
The Smurfs 2,34.2,5.8,1975,Fantasy
Young Adult,11.7,5.8,1094,Comedy
Police Academy 3: Back in Training,17.6,5.8,1060,Comedy
Fantastic Four,27.3,5.8,8543,Action
Welcome to the North,5.9,5.8,1236,Comedy
Spy Kids,35.7,5.8,3057,Action
Rocky V,32.5,5.8,2792,Drama
That's My Boy,46.3,5.8,1648,Comedy
The Smurfs,37.8,5.8,3396,Animation
Failure to Launch,15.6,5.8,1478,Comedy
Quarantine,11.0,5.8,1114,Horror
G.I. Joe: The Rise of Cobra,46.8,5.8,4188,Adventure
Judge Dredd,21.1,5.8,2110,Science Fiction
Four Rooms,16.6,5.8,2357,Crime
The Core,26.9,5.8,1595,Action
Hercules,47.7,5.8,3729,Action
Priest,18.5,5.8,2009,Action
Paranormal Activity 2,22.2,5.8,2184,Horror
Into the Woods,14.8,5.8,4000,Fantasy
Annabelle,50.0,5.7,5585,Horror
Johnny Mnemonic,12.1,5.7,1155,Science Fiction
Hop,19.3,5.7,1085,Animation
Big Momma's House 2,18.8,5.7,1414,Comedy
Stuart Little 2,30.7,5.7,2164,Family
Lara Croft: Tomb Raider - The Cradle of Life,12.4,5.7,3870,Action
Cold Pursuit,30.1,5.7,2242,Action
Friday the 13th,31.3,5.7,2264,Horror
30 Minutes or Less,18.8,5.7,1514,Action
Just Married,15.0,5.7,1211,Comedy
Collateral Damage,16.9,5.7,1210,Action
Ibiza,13.1,5.7,1117,Comedy
Miss Congeniality 2: Armed and Fabulous,18.7,5.7,1646,Action
The X Files: I Want to Believe,14.9,5.7,1302,Drama
Star Trek V: The Final Frontier,17.1,5.7,1014,Science Fiction
Arthur and the Revenge of Maltazard,19.2,5.7,1546,Adventure
Naked,22.1,5.7,1163,Comedy
Sausage Party,43.9,5.7,6601,Adventure
The Ring Two,24.9,5.7,2035,Drama
Eight Legged Freaks,19.0,5.7,1041,Action
Pet Sematary,29.7,5.7,2894,Horror
Planet of the Apes,40.2,5.7,3551,Thriller
Masterminds,14.1,5.7,1577,Action
Cosmopolis,9.9,5.7,1114,Drama
Battle: Los Angeles,45.8,5.7,3114,Science Fiction
Superman Returns,19.7,5.7,3722,Science Fiction
Deep Water,45.1,5.7,1010,Drama
Gamer,19.3,5.7,2112,Action
The Pink Panther 2,17.0,5.7,1000,Comedy
Ben-Hur,26.8,5.7,1540,Action
Fool's Gold,18.1,5.7,1317,Adventure
Taxi 3,13.3,5.7,1333,Action
Pixels,57.4,5.7,6863,Action
Wrath of the Titans,41.1,5.7,3815,Fantasy
47 Meters Down: Uncaged,20.7,5.7,1223,Horror
The Curse of La Llorona,46.1,5.7,2140,Horror
Clown,24.9,5.7,1207,Horror
The Ant Bully,25.0,5.7,1227,Fantasy
Rough Night,17.1,5.7,1853,Drama
The Tuxedo,18.0,5.7,1699,Thriller
The Heartbreak Kid,24.1,5.7,1432,Comedy
Hot Pursuit,11.1,5.7,1478,Action
Herbie Fully Loaded,22.8,5.7,2065,Comedy
The Do-Over,15.0,5.7,1354,Action
Dinner for Schmucks,13.7,5.7,1598,Comedy
Iron Sky,20.9,5.7,1420,Action
You Don't Mess with the Zohan,35.9,5.7,3309,Comedy
Alvin and the Chipmunks: Chipwrecked,35.6,5.7,1941,Comedy
Doctor Dolittle,23.9,5.7,2752,Comedy
Flatliners,17.2,5.7,2101,Drama
The Stepford Wives,13.6,5.7,1164,Comedy
Urban Legend,12.4,5.7,1127,Horror
Abraham Lincoln: Vampire Hunter,59.2,5.7,2985,Action
The Dark Tower,19.5,5.7,4558,Fantasy
Haywire,27.9,5.7,1193,Action
The Green Inferno,24.7,5.7,1226,Horror
Red Dawn,27.2,5.7,1414,Action
High-Rise,12.9,5.7,1030,Drama
The House Bunny,15.8,5.7,1731,Romance
Hall Pass,18.6,5.7,1766,Comedy
Garfield,56.3,5.7,3464,Animation
Office Christmas Party,14.1,5.7,1865,Comedy
Cabin Fever,13.4,5.7,1127,Horror
Noah,36.2,5.7,5714,Drama
Little Fockers,18.6,5.6,2956,Comedy
Artemis Fowl,20.6,5.6,1492,Adventure
Captive State,18.1,5.6,1003,Science Fiction
Flubber,14.2,5.6,2119,Comedy
Runner Runner,13.8,5.6,1132,Crime
You Get Me,16.0,5.6,1618,Thriller
Wild Card,36.1,5.6,1568,Thriller
American Pie Presents: Beta House,57.0,5.6,1704,Comedy
The Predator,47.4,5.6,4148,Science Fiction
Rumor Has It...,9.7,5.6,1019,Comedy
Alvin and the Chipmunks: The Squeakquel,33.5,5.6,2603,Comedy
The Incredible Burt Wonderstone,10.8,5.6,1288,Comedy
Gods of Egypt,39.7,5.6,3722,Action
The Haunted Mansion,16.6,5.6,1764,Thriller
The Nutty Professor,16.6,5.6,2616,Fantasy
Wish Upon,17.0,5.6,1182,Horror
"Legally Blonde 2: Red, White & Blonde",22.7,5.6,1373,Comedy
Godzilla,37.5,5.6,3433,Science Fiction
The Strangers: Prey at Night,19.2,5.6,1180,Horror
Thunder Force,21.6,5.6,1088,Action
Brüno,11.0,5.6,1488,Comedy
The Final Destination,34.7,5.6,2835,Horror
Norbit,46.1,5.6,2036,Comedy
The Cloverfield Paradox,19.4,5.6,2901,Horror
G.I. Joe: Retaliation,31.3,5.6,5096,Science Fiction
Æon Flux,18.2,5.6,1962,Science Fiction
George of the Jungle,16.7,5.6,1853,Adventure
The Day the Earth Stood Still,20.3,5.6,3019,Drama
Fantastic Four: Rise of the Silver Surfer,24.9,5.6,7186,Adventure
Machete Kills,15.8,5.6,1698,Action
The Box,9.8,5.6,1571,Thriller
"You, Me and Dupree",11.3,5.6,1208,Comedy
Bullet to the Head,16.7,5.6,1118,Action
Cowboys & Aliens,38.7,5.6,4601,Action
Sabotage,16.4,5.6,1253,Action
Bad Teacher,23.7,5.6,4300,Comedy
Spy Kids 2: The Island of Lost Dreams,32.5,5.6,1931,Action
The Possession of Hannah Grace,31.1,5.6,1159,Horror
Regression,13.4,5.6,1649,Horror
Taxi 4,12.6,5.6,1090,Action
Babe: Pig in the City,17.7,5.6,1087,Adventure
Lady in the Water,12.4,5.6,1208,Drama
The Scorpion King,28.1,5.6,2790,Action
Dreamcatcher,16.7,5.6,1555,Drama
The Watch,23.7,5.6,2081,Comedy
Cop Out,11.0,5.6,1348,Action
Babylon A.D.,17.2,5.6,1798,Action
The Green Hornet,21.2,5.6,2900,Action
Leatherface,21.9,5.6,1110,Horror
Evan Almighty,23.6,5.6,3836,Fantasy
Dumb and Dumber To,37.0,5.5,2844,Comedy
Hellboy,40.1,5.5,3012,Fantasy
In the Tall Grass,16.6,5.5,1906,Horror
The Brice Man,5.7,5.5,1120,Comedy
Friend Request,13.7,5.5,1148,Horror
Garfield: A Tail of Two Kitties,26.4,5.5,1904,Animation
